web_score,nombre,website,telefono,ciudad,vertical,has_ssl,html_size_kb,has_mobile,has_sitemap,whois_year,score_details,snippet,fuente,outreach_status,scored_at
70,"BRICK - Inmobiliaria en CABA, Zona Norte y Zona Sur",https://brick.com.ar/,,CABA,inmobiliaria,True,135.7,True,True,2013,old_domain_13y,"Venta y alquiler de propiedades en CABA, Zona Norte y Zona Sur. Tasaciones, administración de alquileres y asesoramiento inmobiliario integral.",serper,pending,2026-06-14T22:56:56.746105
70,Maure Inmobiliaria Propiedades en Venta y Alquiler Buenos Aires ...,https://maureinmobiliaria.com/,,CABA,inmobiliaria,True,64.3,True,True,2000,old_domain_26y,Inmobiliaria: Departamentos en alquiler y en venta con fotos planos video mapa en los mejores barrios Las Cañitas Palermo Belgrano Buenos Aires.,serper,pending,2026-06-14T22:56:58.793393
70,Cámara Inmobiliaria Argentina – La institución más federal del sector.,https://cia.org.ar/,,CABA,inmobiliaria,True,146.5,True,True,2013,old_domain_13y,Centralizamos todos los datos e informes del sector inmobiliario en un exclusivo portal para socios. Ofrecemos una fuente única de información actualizada para ...,serper,pending,2026-06-14T22:57:01.286502
70,Inmobiliaria en Villa Carlos Paz - MMLUISA,https://mmluisa.com/,3541528601,Córdoba,inmobiliaria,True,80.1,True,True,2013,old_domain_13y,"Dentro de Inmobiliarias Villa Carlos Paz trabajamos en colaboración ... MMLUISA Inmobiliaria en Carlos Paz, Córdoba, Argentina. Telefono: 3541528601 ...",serper,pending,2026-06-14T22:57:02.780169
70,Asociación de Abogadas y Abogados de Buenos Aires – Asociación ...,https://aaba.org.ar/,,CABA,abogado,True,146.5,True,True,2014,old_domain_12y,"Uruguay 485 piso 3, Buenos Aires, Argentina. (5411) 4371-8869/9529 informes@aaba.org.ar. www.aaba.org.ar",serper,pending,2026-06-14T22:57:07.918824
70,Listado de Abogados de Mar del Plata,https://inmobiliariasmardelplata.com/2009/12/26/listado-de-abogados-de-mar-del-plata/,,Mar del Plata,abogado,True,146.5,True,True,2009,old_domain_17y,ANTONIO AUGUSTO ・ 495-3138 Abogado 09-379 ・ 475-0234 / 474-9886. Tel: (054 223) 495-5574 / 494-8692 / 410-8999,serper,pending,2026-06-14T22:57:10.353487
70,Estudio Moltedo Abogados – Estudio Moltedo: 100 años de ...,https://moltedo.com.ar/,,CABA,abogado,True,101.7,True,True,2014,old_domain_12y,"Áreas de actuación · Derecho Societario, Gestión Empresarial y Compliance · Asesoramiento Empresarial, Contratos, Defensa del Consumidor y Seguros · Derecho de ...",serper,pending,2026-06-14T22:57:13.282398
70,Estudio del AMO: Estudio Contable en Belgrano Capital Federal,https://estudiodelamo.com/,,CABA,contador,True,146.5,True,True,2007,old_domain_19y,"Somos un Estudio Contable que, desde 2003, se dedica a proveer soluciones integrales a Pymes y nuevos emprendimientos. ¡Contactanos ahora!",serper,pending,2026-06-14T22:57:21.937094
70,"Medical Aesthetics Clinics in Buenos Aires, Argentina - WhatClinic",https://www.whatclinic.com/beauty-clinics/argentina/buenos-aires,,CABA,clinica,True,103.6,True,True,2009,old_domain_17y,All 15 clinics that provide Medical Aesthetics in Buenos Aires · EME Centro Capilar · Cirugia and Láser Dr. Pérez Rivera · Carisma Medical Center - Hombres.,serper,pending,2026-06-14T22:57:25.727890
70,Centro Medico Buenos Aires Medellin | Consulta médica General ...,http://centromedicobuenosairesmedellin.com/,,CABA,clinica,True,121.0,True,True,2009,old_domain_17y,"Nuestros campos de acción son las ayudas diagnósticas, laboratorio clínico y consulta médica general y especializada. Ver más ...",serper,pending,2026-06-14T22:57:28.682514
70,Servicios Médicos Buenos Aires – Servicios Pre y POST Hospitalarios,https://www.cmbuenosaires.com/,,CABA,clinica,True,108.2,True,True,2012,old_domain_14y,Agenda tu cita sin salir de casa · Tu salud es nuestra prioridad · Nuestros aliados · Unidad resonancia magnética.,serper,pending,2026-06-14T22:57:29.029513
70,Sanatorio de la Providencia - Tu Centro Médico de Confianza,https://sanatoriodelaprovidencia.com/,,CABA,clinica,True,115.1,True,True,2010,old_domain_16y,"Turnos por whatsapp. Turnos por whatsapp (+54 9) 011 – 6300-5284. Lun a Vie 8 a 19hs. ; Turnos online. Si ya sos paciente, sacá tu turno online de manera fácil y ...",serper,pending,2026-06-14T22:57:34.015935
70,Grupo Proaco - Desarrollos Inmobiliarios en Córdoba.,https://grupoproaco.com/,,Unknown,constructora,True,146.5,True,True,2011,old_domain_15y,Somos un grupo desarrollista líder en Argentina que avanza construyendo productos de excelente calidad con los más altos estándares de cumplimiento del mercado.,serper,pending,2026-06-14T22:57:46.312151
70,Constructora en CABA | Proyectos Inmobiliarios de Calidad,https://estudiokohon.com/constructora-caba/,,CABA,constructora,True,146.5,True,True,2011,old_domain_15y,"En Estudio Kohon, somos una constructora con más de 40 años de experiencia en el desarrollo y ejecución de proyectos inmobiliarios en la Ciudad Autónoma de ...",serper,pending,2026-06-14T22:57:55.667127
70,MILHOUSE HOSTEL Buenos Aires - Sitio Oficial,https://milhousehostel.com/,,CABA,hotel,True,146.5,True,True,2000,old_domain_26y,"Ofrecemos una variedad de servicios y comodidades, incluyendo habitaciones privadas y compartidas con baño, wifi gratuito, aire acondicionado, lockers, caja de ...",serper,pending,2026-06-14T22:57:56.567175
70,Córdoba Luxury and 5 Star Hotels and Resorts,https://luxuryescapes.com/us/hotels/location/c%C3%B3rdoba/c%C3%B3rdoba/argentina?srsltid=AfmBOoqWNd2bSuabAD-xN0_rWT04_svplSo_l686P3BlJBfdov_IOeGc,,Unknown,hotel,True,146.5,True,True,2003,old_domain_23y,"Exclusive deals on luxury hotels & resorts in Córdoba, Argentina. Enjoy 5-star accommodation at the best prices only with Luxury Escapes.",serper,pending,2026-06-14T22:57:58.747127
70,"Official website - Best price - Hotel Iruña, Mar del Plata",https://www.hoteliruna.com/en/,,Mar del Plata,hotel,True,146.5,True,True,2003,old_domain_23y,"Located in front of the sea, 100 meters from the beach Punta Iglesia, in the center of Mar del Plata. You will enjoy a 4-star stay in a strategic location in ...",serper,pending,2026-06-14T22:58:06.269634
60,Potente Propiedades – Tu inmobiliaria en Mar del Plata,https://www.potentepropiedades.com.ar/,,CABA,inmobiliaria,True,146.5,True,True,2020,,"Somos una inmobiliaria con raíces en Mar del Plata, fundada en 1968. Con más de 50 años de trayectoria y tres generaciones dedicadas al rubro, nos ...",serper,pending,2026-06-14T22:57:01.907112
60,IZA Inmobiliaria - Mar del Plata,https://izainmobiliaria.inmo.co/,2235776000,CABA,inmobiliaria,True,141.8,True,True,,,"Inmobiliaria - Mar del Plata. Buenos Aires, Argentina. Mar del Plata - Buenos Aires - Argentina MÓVIL 2235776000 TELÉFONO 2234949674 EMAIL info@iza.com.ar",serper,pending,2026-06-14T22:57:02.870646
60,Barreiro | Abogados,https://www.bodlegal.com/en/home-english/,,CABA,abogado,True,146.5,True,True,2018,,"In 2018, in Buenos Aires, a group of professionals with many years of working together founded Barreiro with the ambitious vision of transforming legal ...",serper,pending,2026-06-14T22:57:12.631116
60,Grupo Legal: Estudio de Abogados | Estudio Jurídico,https://grupolegal.com.ar/,,CABA,abogado,True,146.5,True,True,2019,,"Nuestro estudio de abogados brinda asesoramiento y defensa legal en despidos, accidentes de trabajo, accidentes de tránsito y sucesiones. Contamos con abogados ...",serper,pending,2026-06-14T22:57:12.985892
60,Estudio Jurídico Mogliani y Asociados - Córdoba,https://www.estudiojuridicomogliani.com.ar/,,Unknown,abogado,True,91.9,True,True,,,"Estudio de Abogados en Córdoba especialistas en Derecho Laboral, Civil y Comercial. Asesoramiento jurídico y legal, consulta hoy un Abogado Laboral con ...",serper,pending,2026-06-14T22:57:16.367277
60,Abogados y Consejeros,https://muabogados.com.ar/institucional/abogados-y-consejeros/,,Unknown,abogado,True,146.5,True,True,,,"Conozca al equipo de abogados de Martínez Urrutibehety. Descubra a los socios y directores, expertos en derecho empresarial, seguros y laboral en Córdoba, ...",serper,pending,2026-06-14T22:57:16.948233
60,Abogado Penalista en Córdoba | Dr. Perez Lloveras,https://perezlloveras.com.ar/,,Unknown,abogado,True,146.5,True,True,,,"Necesitas un abogado penalista en Córdoba? El Dr. Pérez Lloveras, con más de 25 años de experiencia, te asesora en causas penales: delitos sexuales...",serper,pending,2026-06-14T22:57:18.383044
60,RYM GROUP: Abogados en Mar del Plata,https://rymestudio.com.ar/?srsltid=AfmBOopOEBmFqzAOwzSFQWUyizwDXBQ_iXgCnSbYYEdT5DAAZ98cd8OJ,,Mar del Plata,abogado,True,146.5,True,True,,,"Somos un equipo de abogados en Mar del Plata comprometidos especializados en Derecho de Familia, Sucesiones, Civil y Comercial y Laboral. Brindamos un servicio ...",serper,pending,2026-06-14T22:57:18.855719
60,Consejo: Home,https://www.consejo.org.ar/,,CABA,contador,True,103.1,True,True,,,Ciudad Autónoma de Bs. As. consejoescucha@consejocaba.org.ar · Ver teléfonos por áreas · Proveedores: pagos disponibles · Verificación de profesionales ...,serper,pending,2026-06-14T22:57:19.045081
60,FACPCE - Federación Argentina de Consejos Profesionales de ...,https://www.facpce.org.ar/,,CABA,contador,True,89.0,True,True,,,Contador Público por la Facultad de Ciencias Económicas de la Universidad de Buenos Aires ... Disertante en diversos congresos en Argentina y el exterior.,serper,pending,2026-06-14T22:57:19.403899
60,CCA Estudio Contable | Servicios Contables y Tributarios ...,https://www.ccaestudiocontable.com.ar/,,CABA,contador,True,80.8,True,True,,,"Más de 20 años brindando soluciones contables integrales para personas y empresas. Experiencia, profesionalismo y atención personalizada. Contactanos hoy. Ver ...",serper,pending,2026-06-14T22:57:20.811461
60,Compará dónde estudiar contador público en Córdoba (21),https://www.buscouniversidad.com.ar/contador-publico-cordoba-CZ-290-6,,Unknown,contador,True,146.5,True,True,,,Compará dónde estudiar contador público en Córdoba (21) ; Contador Público. Universidad Siglo 21 · Universidad Siglo 21 · Licenciaturas - 4 Años ; Contador Público ...,serper,pending,2026-06-14T22:57:23.818144
60,Contador - Económicas UBA,https://economicas.uba.ar/alumnos/contador/,,CABA,contador,True,146.5,True,True,,,"¿QUÉ HACE UN CONTADOR PÚBLICO? El Contador Público asesora personas y empresas en las áreas financiera, impositiva, contable, laboral, de costos y societaria.",serper,pending,2026-06-14T22:57:24.576582
60,"K&S Contadores Públicos | Estudio Contable | Córdoba, Argentina",https://www.ksyasoc.com.ar/,93512106672,Unknown,contador,True,146.5,True,True,,,Contamos con más de 25 años de experiencia en consultoría y asesoramiento contable y financiero. CONTACTO. Diseño sin título (4).png · +54 9351 210 6672.,serper,pending,2026-06-14T22:57:24.848778
60,Estudio Contable en Buenos Aires - Estudio Lorenzo y Asoc,https://estudiolorenzoasoc.com/,,CABA,contador,True,146.5,True,True,2019,,"En Estudio Lorenzo, ofrecemos servicios contables de alta calidad para empresas y particulares. Con años de experiencia a tu disposición.",serper,pending,2026-06-14T22:57:26.227900
60,Establecimientos - Hospitales y Centros de Salud | Buenos Aires ...,https://buenosaires.gob.ar/gcaba_historico/salud/establecimientos-hospitales-y-centros-de-salud,,CABA,clinica,True,51.4,True,True,,,"Encontrá los Hospitales, Centros de Salud Nivel 1, Centros Médicos Barriales (CMB) y Estaciones Saludables más cercanos a vos.",serper,pending,2026-06-14T22:57:28.826907
60,Sanatorio Mater Dei | Buenos Aires,https://www.sanatoriomaterdei.com.ar/,,CABA,clinica,True,146.5,True,True,,,Sanatorio Mater Dei: San Martín de Tours 2952 (CP 1425 - Buenos Aires.) Teléfono: 4809-5555. Consultorios Externos 3360: Castex 3360 (CP 1425 - Buenos Aires.),serper,pending,2026-06-14T22:57:31.682219
60,Centro Médico Buenos Aires – Centro integral de salud,https://cemeba.com.ar/,,CABA,clinica,True,146.5,True,True,,,"En el Centro Médico Buenos Aires brindamos atención integral con calidez humana y tecnología de vanguardia. Contamos con profesionales altamente capacitados, ...",serper,pending,2026-06-14T22:57:33.174331
60,Sanatorio Güemes: Inicio,https://sitio.sg.com.ar/,,CABA,clinica,True,110.8,True,True,,,"Sanatorio Güemes damos la bienvenida al Centro Médico Rossi que se suma a nuestro sanatorio, incorporando. Córdoba - Av. Córdoba 3933 CABA, Argentina",serper,pending,2026-06-14T22:57:35.187341
60,Sanatorio Otamendi,https://www.otamendi.com.ar/,+54114965290,CABA,clinica,True,97.5,True,True,,,"Sanatorio Otamendi Azcuénaga 870, CABA Argentina (C1115AAB) +54 11 4965-2900 +54 11 2838 2351",serper,pending,2026-06-14T22:57:35.408828
60,"clinica y maternidad del sol | salud | Chacabuco 705, Córdoba ...",https://www.clinicadelsol.com.ar/,3517555444,Unknown,clinica,True,146.5,True,True,,,Turnos de lunes a viernes de 8 a 21hs. Teléfono call center: 0810 555 2765 WhatsApp central de turnos: 3517555444. Derivaciones Médicas: 3516523503.,serper,pending,2026-06-14T22:57:36.436569
60,Hospital Italiano de Córdoba – Te cuidamos siempre.,http://www.hospital-italiano.org.ar/,03514106500,Unknown,clinica,True,132.3,True,True,,,Central Telefónica. 0351 410 6500. Lunes a Viernes 8 a 20 h. ; WhatsApp Turnos. 351 633 2461. Lunes a Viernes 8 a 18 h. ; Diagnóstico por Imágenes. 351 633 2429.,serper,pending,2026-06-14T22:57:41.452654
60,Taller Mecánico Bertani – Más de 50 años de experiencia en ...,https://tallerbertani.com.ar/,,CABA,taller,True,145.3,True,True,,,Cambio Correa distribución en Zona Norte Buenos Aires Argentina Taller Mecánico Bertani. Más información en nuestro sitio especializado en correas de ...,serper,pending,2026-06-14T22:57:42.799026
60,GOMERIAS - Provincia de Buenos Aires |,https://www.gba.gob.ar/content/gomerias,,CABA,taller,True,145.5,True,True,,,"DAYTONA/ NEUMASUR, 5% a 60%, TODOS LOS DÍAS ; DAYTONA/ NEUMASUR, 5% a 60%, TODOS LOS DÍAS ; DAYTONA/ NEUMASUR, 5% a 60%, TODOS LOS DÍAS ; DAYTONA/ NEUMASUR, 5% a ...",serper,pending,2026-06-14T22:57:44.026347
60,RIVA – Empresa constructora,https://riva.com.ar/en/,,CABA,constructora,True,146.5,True,True,,,"Somos una empresa constructora de sólida trayectoria y experiencia, con un equipo profesional plenamente comprometido con el cumplimiento y capaz de brindar ...",serper,pending,2026-06-14T22:57:47.019704
60,Taller Mecánico en Avellaneda | MDO Garage,https://mdogarage.com/,,CABA,taller,True,146.5,True,True,,,"Hernan Cortés 731, B1870 Sarandí, Provincia de Buenos Aires · 011 15-2176-0897 · mecanicadavidoff.byokos@gmail.com · MDO Garage - Taller Mecanico en Avellaneda ...",serper,pending,2026-06-14T22:57:49.708881
60,Hostales en Buenos Aires desde $ 20.235/noche - KAYAK,https://www.kayak.com.ar/Hoteles-en-Buenos-Aires_Albergue.Thostel.19264.hotel.ksp,,CABA,hotel,True,146.5,True,True,,,"El mes más barato para reservar un hostal en Buenos Aires es junio, con una tarifa promedio por noche de $ 21.680. El mes más caro es noviembre, ...",serper,pending,2026-06-14T22:57:52.556217
55,Resultados Inmobiliarias Mar del Plata,https://www.turismomardelplata.gob.ar/ASP/SP/resultados-inmobiliarias.asp,,CABA,inmobiliaria,True,50.9,True,False,2013,"no_sitemap,old_domain_13y","Si estás buscando una casa o departamento para tu estadía en Mar del Plata, hay inmobiliarias que te ofrecen opciones para alquilar por pocos días, por semana, ...",serper,pending,2026-06-14T22:57:01.316712
55,Bienvenidos a Melina Distéfano Servicios Inmobiliarios,https://www.distefanoinmo.com.ar/,,Córdoba,inmobiliaria,True,25.9,True,True,2013,"html_medium,old_domain_13y","Inmobiliaria en Villa Carlos Paz, Sierras de Córdoba capital. Especialistas en alquileres temporales de casas, departamentos, cabañas y complejos.",serper,pending,2026-06-14T22:57:02.547008
55,Neuquén Propiedades - Propiedades en Neuquén,https://neuquenpropiedades.com.ar/,,Neuquén,inmobiliaria,True,76.1,True,False,2013,"no_sitemap,old_domain_13y","Encontrá tu Inmueble en Neuquén. Propiedades en Venta y Alquiler, Venta de Casas, Venta de Departamentos, Venta de Terrenos, Venta de Chacras, ...",serper,pending,2026-06-14T22:57:03.141325
55,Inmobiliarias en Neuquen - Inmoclick,https://inmoclick.com/inmobiliarias?provincia=24,2995322201,Neuquén,inmobiliaria,True,146.5,True,False,2011,"no_sitemap,old_domain_15y",50 Inmobiliarias encontradas ; SALEM SERVICIOS INMOBILIARIOS · 299 5322201-299 5322201; AV ARGENTINA 197 PISO 3 A NEUQUEN CAPITAL CENTRO ; Inversiones del Comahue.,serper,pending,2026-06-14T22:57:04.473387
55,"Buenos Aires Legal Group - Abogados en Buenos Aires, Argentina",https://buenosaireslegalgroup.com.ar/,,CABA,abogado,True,63.8,True,False,2013,"no_sitemap,old_domain_13y","Somos un estudio jurídico y notarial líder en el mercado, encargado de ofrecer asesoramiento de primer nivel acorde a cada necesidad de nuestros clientes.",serper,pending,2026-06-14T22:57:09.665296
55,Col.Pro.BA – Colegio de Abogados de la Provincia de Buenos Aires,https://www.colproba.org.ar/,,CABA,abogado,True,146.5,True,False,2014,"no_sitemap,old_domain_12y",Consultorios Jurídicos Gratuitos · Nómina de Matrícula · Colegios · Comisiones · Servicios · Generación Masiva de Bonos · Portal de Autogestión ...,serper,pending,2026-06-14T22:57:11.860152
55,"Gomeria Rs4 Neumaticos & Servicios, Castro Barros, 411, Buenos ...",https://www.mapquest.com/ar/buenos-aires/gomeria-rs4-neumaticos-servicios-776486524,,CABA,taller,True,146.5,True,False,1996,"no_sitemap,old_domain_30y",Nos especializamos en ofrecer neumáticos de alta calidad y servicios especializados para tu vehículo. Nuestra misión es brindarte soluciones rápidas y ...,serper,pending,2026-06-14T22:57:41.439578
55,SAPYC SRL – Empresa Constructora. Proyectos de ingeniera y ...,https://www.sapyc.com/,,Unknown,constructora,True,106.7,True,False,2010,"no_sitemap,old_domain_16y","La Empresa se encuentra en el centro del país, Ciudad de Córdoba, en un principio sus oficinas funcionaban en Av. Madrid 2338 de la misma ciudad, pero con el ...",serper,pending,2026-06-14T22:57:46.609096
55,Best Hostels in Buenos Aires from €0.01 | 2026 - Hostelworld,https://www.hostelworld.com/hostels/south-america/argentina/buenos-aires/,,CABA,hotel,True,146.5,True,False,1999,"no_sitemap,old_domain_27y",Best hostels for solo travellers in Buenos Aires ; Primavera Hostel. 9.8 ; Lead Hostel. 9.4 ; ilVero Hostel Recoleta. 9.1 ; Casa Franca Recoleta Hostel Boutique.,serper,pending,2026-06-14T22:57:52.976615
55,Holiday Inn Cordoba - IHG Hotels & Resorts,https://www.ihg.com/holidayinn/hotels/us/en/cordoba/cbaar/hoteldetail,,Unknown,hotel,True,146.5,True,False,1998,"no_sitemap,old_domain_28y","The Holiday Inn Córdoba is located just 5 minutes from Kempes Park, an ideal place for outdoor sports. Enjoy top-class sports facilities and, upon returning to ...",serper,pending,2026-06-14T22:57:56.633365
55,"Best places to stay in Cordoba Province, Argentina - The Hotel Guru",https://www.thehotelguru.com/best-hotels-in/argentina/cordoba-province,,Unknown,hotel,True,141.1,True,False,2006,"no_sitemap,old_domain_20y",The best hotels in Cordoba Province · Mousai Hotel Boutique · Terra Firma Boutique Hotel · Sacha Mistol Art Hotel · Virreinato Hotel Boutique · Villa Art Hotel ...,serper,pending,2026-06-14T22:57:57.454829
55,Hoteles en el centro en Córdoba,https://www.cordoba-hotels-ar.com/es/theme/central-hotels-8/,,Unknown,hotel,True,126.3,True,True,2016,"old_stack,old_domain_10y",Gran Hotel Victoria Cordoba Argentina · Howard Johnson La Cañada Hotel&Suites · King David Flat Hotel - Argentina · Novum Suites · Faz Hostel Boutique · Zoom ...,serper,pending,2026-06-14T22:57:59.602713
55,"Best places to stay in Mar del Plata, Argentina | The Hotel Guru",https://www.thehotelguru.com/en-us/best-hotels-in/argentina/mar-del-plata,,Mar del Plata,hotel,True,86.8,True,False,2006,"no_sitemap,old_domain_20y","This classic hotel is located in Mar del Plata, Argentina. Interiors are dressed in luxurious, French style, with plush carpets, heavy curtains and crisp white ...",serper,pending,2026-06-14T22:57:59.802685
45,Inmobiliaria Villa Carlos Paz,https://www.inmobiliariavillacarlospaz.com.ar/,,Córdoba,inmobiliaria,True,50.2,True,False,2021,no_sitemap,"Juan Pablo Ortega Inmobiliaria Villa Carlos Paz, le garantiza la venta compra alquiler anual o alquiler temporario de propiedades, brindando la mayor ...",serper,pending,2026-06-14T22:57:00.014633
45,Inmobiliaria Premium S.A. - Neuquén,https://www.inmobiliariapremium.com.ar/,+5492994238049,Neuquén,inmobiliaria,True,50.3,True,False,2018,no_sitemap,"Inmobiliaria Premium S.A. +5492994238049 info@inmobiliariapremium.com.ar. Argentina 164 - PB, Neuquén capital Seguinos. Terrenos · Departamentos · Casas · ...",serper,pending,2026-06-14T22:57:03.596728
45,Red Inmobiliaria,https://www.red-inmobiliaria.com.ar/,+5492993321774,Neuquén,inmobiliaria,True,101.6,True,False,2022,no_sitemap,Venta y Alquiler de Propiedades (0299) 482 3353 | redinmobiliarianqn@gmail.com +5492993321774. Neuquen Capital LOCAL CAPITAL RED INMOBILIARIA. Neuquén - ...,serper,pending,2026-06-14T22:57:05.020825
45,"Comincini Inmobiliaria. Villa Carlos Paz, Córdoba.",https://www.comincini.com.ar/,,Córdoba,inmobiliaria,True,32.7,True,True,2023,html_medium,Venta · Casas · Departamentos · Terrenos · Comercios · Fracciones · Todos · Alquiler temporario · Casas · Departamentos · Todos.,serper,pending,2026-06-14T22:57:06.027789
45,CAMDP – Colegio de Abogados Departamento Judicial Mar del Plata,https://camdp.org.ar/wp/,,Mar del Plata,abogado,True,92.2,True,False,,no_sitemap,Sala de profesionales +54 9 223 4 23-2020. Alte. Brown 1958 (B7600FTZ) - Mar del Plata - Telefonos: 493-9513 / 491-7987 - CUIT: 30-53689825-1. Continuar la ...,serper,pending,2026-06-14T22:57:14.044603
45,Estudio Jurídico – AF – Entidad formada por abogados y ...,https://afmabogados.com.ar/,,Unknown,abogado,True,146.5,True,False,,no_sitemap,"Brindar asesoramiento integral a personas y a empresas, gestionando sus necesidades con especialistas en el área, atendiendo a la realidad de cada una de ...",serper,pending,2026-06-14T22:57:16.093154
45,Clínica San Camilo | Atención médica en Buenos Aires,https://clinicasancamilo.org.ar/,,CABA,clinica,True,135.8,True,False,,no_sitemap,"Clínica San Camilo en Buenos Aires. Atención médica integral, guardia, internación y diagnóstico con profesionales especializados.",serper,pending,2026-06-14T22:57:29.533114
45,Consejo Profesional Ciencias Económicas Córdoba – Consejo ...,https://cpcecba.org.ar/,,Unknown,contador,True,146.5,True,False,,no_sitemap,CPCE Córdoba. Buenos Aires 865. Av. Hipólito Yrigoyen 490 (X5000JHR) Córdoba – República Argentina Tel. (0351) 468-8300. Email: cpcecba@cpcecba.org.ar ...,serper,pending,2026-06-14T22:57:29.533490
45,Salud - Gobierno de la Ciudad Autónoma de Buenos Aires,https://buenosaires.gob.ar/gcaba_historico/salud,,CABA,clinica,True,48.7,True,True,,html_medium,"Podés consultar el empadronamiento del sistema de salud, servicios, personas mayores, programas y prevención en hospitales y CeSAC de la ciudad.",serper,pending,2026-06-14T22:57:32.421896
45,HOSPITAL PRIVADO Universitario de Córdoba,https://hospitalprivado.com.ar/,,Unknown,clinica,True,65.8,True,False,,no_sitemap,"Hospital Privado de Córdoba, somos un grupo de profesionales de reconocida trayectoria a nivel nacional e internacional.",serper,pending,2026-06-14T22:57:36.542046
45,Taller mecánico de todas las marcas en Ciudad Autónoma Buenos ...,https://www.autocosmos.com.ar/servicios?pr=324&ts=1,,CABA,taller,True,99.0,True,False,,no_sitemap,Taller mecánico de todas las marcas en Ciudad Autónoma Buenos Aires ; INTERNACIONAL MOTORS. Almagro - ; Lepic. Barracas - ; Matadero Motors. Mataderos - ; Matadero ...,serper,pending,2026-06-14T22:57:38.769120
45,Mecánica y Automotriz - Formación Profesional - Buenos Aires Ciudad,https://buenosaires.gob.ar/gcaba_historico/educacion/agencia-de-habilidades-para-el-futuro/catalogo-de-oferta-educativa-mecanica-y-0,,CABA,taller,True,36.9,True,True,,html_medium,"Aquí encontrarás una amplia variedad de cursos, talleres, carreras y recursos diseñados para potenciar tu aprendizaje y desarrollo profesional. Compartir en ...",serper,pending,2026-06-14T22:57:41.460738
45,CRIBA Empresa Constructora Argentina - Nosotros Construimos,https://www.criba.com.ar/,,CABA,constructora,True,37.9,True,True,,html_medium,Brindamos servicios de construcción de alta calidad en obras de ingeniería y arquitectura. Queremos mejorar la vida de las personas con nuestras obras.,serper,pending,2026-06-14T22:57:44.312525
45,Empresas (cantidad de noticias) - Construar.com.ar,https://www.construar.com.ar/ver-empresas/,,CABA,constructora,True,146.5,True,False,,no_sitemap,VIAL AGRO SA (272) · EDECA SA (252) · ROVIAL SA (223) · OBRING SA (204) · MUNDO CONSTRUCCIONES SA (201) · C.N. SAPAG SOCIEDAD ANONIMA (190) · PECAM SA (189) ...,serper,pending,2026-06-14T22:57:45.692755
45,Constructora de obras en córdoba -,https://www.mancor.com.ar/,,Unknown,constructora,True,146.5,True,True,,old_stack,"En MANCOR, somos la empresa constructora líder en Córdoba, Argentina. Con más de 15 años de experiencia y 120+ proyectos exitosos, nos especializamos en ...",serper,pending,2026-06-14T22:57:52.175926
45,Buenos Aires Luxury Hotel | Recoleta 5-Star Hotel | Four Seasons,https://www.fourseasons.com/buenosaires/,,CABA,hotel,True,146.5,True,False,,no_sitemap,"Four Seasons Hotel Buenos Aires is a luxury hotel combining modern comfort with European-style glamour, fine dining and more in the heart of Recoleta.",serper,pending,2026-06-14T22:57:57.340819
45,Buenos Aires Luxury Hotels - Forbes Travel Guide,https://www.forbestravelguide.com/destinations/buenos-aires-argentina,,CABA,hotel,True,32.7,True,True,,html_medium,"View the best hotels, restaurants and spas in Buenos Aires, with Five-Star ratings and more from Forbes Travel Guide.",serper,pending,2026-06-14T22:58:01.560435
40,Makrich & Asoc.,https://www.makrich.com.ar/,+5492995516521,Neuquén,inmobiliaria,True,38.4,True,False,2014,"html_medium,no_sitemap,old_domain_12y",Propiedades · Emprendimientos · Alquiler · Venta · La Empresa · Tasación · Contacto · +54 9 2995 51-6521 · ventas@makrich.com.ar; Salta Nº 246 | Neuquén ...,serper,pending,2026-06-14T22:57:04.947865
35,"Bullano — Portal inmobiliario de Argentina: publicá, comprá y ...",https://www.bullano.com.ar/,,CABA,inmobiliaria,False,146.5,True,True,2013,"no_ssl,old_domain_13y","Bullano es el portal inmobiliario de Argentina que conecta a personas, inmobiliarias y desarrolladores para comprar, vender o alquilar propiedades en todo el ...",serper,pending,2026-06-14T22:56:56.906910
35,Alquiler y Venta de Propiedades en Buenos Aires,https://www.izr.com.ar/,,CABA,inmobiliaria,False,146.5,True,True,2013,"no_ssl,old_domain_13y","Alquiler de departamentos, casas, lotes en la Ciudad de Buenos Aires y Gran Buenos Aires norte. Teléfono +54 11 5279 1001 Whatsapp +549 11 3830 9311 Casa ...",serper,pending,2026-06-14T22:56:57.952864
35,Inmobiliaria María Inés Lledó - Mar del Plata,https://www.inmobiliarialledo.com.ar/,,CABA,inmobiliaria,False,139.4,True,True,2013,"no_ssl,old_domain_13y",Encuentra alquileres por temporada de verano en Mar del Plata y propiedades en venta o alquiler a 24 meses en Inmobiliaria María Inés Lledó.,serper,pending,2026-06-14T22:56:58.717913
35,"Buscainmueble - Alquiler y venta de departamentos, casas y otros ...",https://www.buscainmueble.com/,,CABA,inmobiliaria,False,146.5,True,True,1999,"no_ssl,old_domain_27y",¡Encontrá las mejores propiedades en venta y alquiler! Buscainmueble es el portal inmobiliario líder en búsqueda de propiedades e inmuebles en Argentina.,serper,pending,2026-06-14T22:57:00.035631
35,Beccar Varela: Estudio Jurídico,https://beccarvarela.com/,,CABA,abogado,False,62.4,True,True,1999,"no_ssl,old_domain_27y",Somos un estudio jurídico líder en servicios legales. Compartimos una historia de 125 años que nos permite brindar asesoramiento integral de primer nivel.,serper,pending,2026-06-14T22:57:08.008329
35,García Menéndez Abogados – Argentina Attorneys at Law-Lawyers ...,https://www.gmenendez.com/,,CABA,abogado,False,109.4,True,True,2014,"no_ssl,old_domain_12y","García Menéndez asesora a Personas físicas y Jurídicas, con la profunda determinación de ser una referencia de calidad y excelencia profesional en las ...",serper,pending,2026-06-14T22:57:08.763123
35,Where to Stay in Buenos Aires: A Local's Guide - Sol Salute,https://solsalute.com/blog/where-to-stay-in-buenos-aires-argentina/,,CABA,hotel,False,146.5,True,True,2017,"no_ssl,old_domain_9y","A complete guide to where to stay in Buenos Aires, Argentina including the best neighborhoods, the best hotels, hostels, and apartments.",serper,pending,2026-06-14T22:57:49.764478
35,Buenos Aires | Albergues | Hostales.com ®,https://www.hostales.com/Argentina/Buenos+Aires,,CABA,hotel,False,132.8,True,True,1997,"no_ssl,old_domain_29y",Hostales con desayuno gratis en Buenos Aires · Hostales con cancelación gratuita en Buenos Aires · Hostales con wifi gratis en Buenos Aires.,serper,pending,2026-06-14T22:57:53.489426
35,Hostales en Buenos Aires desde $49.545/noche - KAYAK,https://www.kayak.com.co/Hoteles-en-Buenos-Aires_Albergue.Thostel.19264.hotel.ksp,,CABA,hotel,True,146.5,False,True,,no_mobile,Buscas un hostal en Buenos Aires? Precios recientes: hostales en Buenos Aires desde $49.545. hostales de 2 estrellas desde $85.005 y 3 estrellas desde ...,serper,pending,2026-06-14T22:57:54.499961
35,Luxury Estancia in Argentina | Estancia El Colibrí Córdoba,https://www.estanciaelcolibri.com/en/,,Unknown,hotel,False,146.5,True,True,2003,"no_ssl,old_domain_23y","In the heart of Argentina, just an hour from Córdoba's city center, Estancia El Colibrí Relais & Châteaux welcomes you to an exceptional setting.",serper,pending,2026-06-14T22:57:57.780805
35,16 Best Hotels in Mar del Plata. Hotels from ₪59/night - KAYAK,https://www.il.kayak.com/Mar-del-Plata-Hotels.4012.hotel.ksp,,Mar del Plata,hotel,True,146.5,False,True,,no_mobile,"The best deal for a 3-star hotel room in Mar del Plata found by KAYAK users in the last 3 days was ₪95, while a 4-star hotel the lowest price was ₪133.",serper,pending,2026-06-14T22:57:59.877239
30,¿Cuál es la mejor inmobiliaria en la Argentina? - YouTube,https://www.youtube.com/watch?v=qMUK6w_igLw,,CABA,inmobiliaria,True,146.5,False,False,2005,"no_mobile,no_sitemap,old_domain_21y",This content isn't available. ¿Cuál es la mejor inmobiliaria en la Argentina? 2.1K views · 10 months ago ...more. Beltrán Briones. 160K.,serper,pending,2026-06-14T22:56:56.680189
30,Hernandez Hnos Inmobiliaria,https://www.hernandezhnos.ar/,,Neuquén,inmobiliaria,True,34.6,True,False,2018,"html_medium,no_sitemap","Hernandez hnos es una empresa con más de 40 años trabajando con éxito en el asesoramiento, la gestión comercial y la administración de inmuebles.",serper,pending,2026-06-14T22:57:04.145141
30,Marval O'Farrell Mairal: Estudio Jurídico Líder en Argentina y ...,https://www.marval.com/,,CABA,abogado,True,15.0,True,False,1996,"html_small,no_sitemap,old_domain_30y","Marval O'Farrell Mairal reconocido como el estudio jurídico líder en Argentina y América Latina, con 300+ abogados, 100+ años y alcance internacional.",serper,pending,2026-06-14T22:57:04.931677
30,Despachos de Abogados y Asesoría Legal en Argentina,https://argentina.justia.com/recursos/despachos.html,,CABA,abogado,True,48.6,True,False,,"html_medium,no_sitemap","Despachos de Abogados y Asesoría Legal en Argentina ; Allende & Brea, Derecho Administrativo, Derecho de la Aviación, Derecho Bancario, Protección al Consumidor ...",serper,pending,2026-06-14T22:57:06.089633
30,Ferrero & Moreno - Estudio de abogados en Córdoba Capital,http://ferreromoreno.com.ar/,,Unknown,abogado,True,46.8,True,False,,"html_medium,no_sitemap","FERRERO & MORENO estudio de abogados especialistas del derecho en Córdoba Capital, dirigido por Luis Facundo Ferrero, brinda seguridad jurídica y garantiza ...",serper,pending,2026-06-14T22:57:16.283192
30,Estudio Contable Paredes,https://estudiocontableparedes.com.ar/,,CABA,contador,True,23.4,True,False,,"html_medium,no_sitemap","Asesoramiento contable para empresas y sociedades, Elaboración de estados contables (balances), Auditoría de estados contables de acuerdo con normas ...",serper,pending,2026-06-14T22:57:18.759642
30,Contador/a Público/a - Facultad de Ciencias Económicas,https://www.eco.unc.edu.ar/carreras-de-grado-estudios/contador-publico,,Unknown,contador,True,73.1,True,False,,"no_sitemap,old_stack",La carrera de Contador/a Público/a forma profesionales imprescindibles a la hora de generar información útil para la toma de decisiones y el control de las ...,serper,pending,2026-06-14T22:57:28.195427
30,Empresa Constructora Córdoba,https://empresaconstructoracordoba.com/,,Unknown,constructora,True,146.2,True,False,2024,"no_sitemap,old_stack",En JR Constructora somos especialistas en construcción industrial y comercial en Córdoba. Nuestro equipo combina experiencia técnica con planificación detallada ...,serper,pending,2026-06-14T22:57:47.045294
30,The 5 best hostels in Buenos Aires (value for money) - YouTube,https://www.youtube.com/watch?v=TDG9aWPYru8,,CABA,hotel,True,146.5,False,False,2005,"no_mobile,no_sitemap,old_domain_21y","Descubre los mejores hostales en Buenos Aires calidad-precio este 2026, ideales para viajeros que buscan una estadía económica sin perder ...",serper,pending,2026-06-14T22:57:55.481795
30,ᐉ MASTER HOSTEL ( ARGENTINA ) FOTOS DE VIAJEROS Y ...,https://master-hostel.buenosaireshotelsargentina.com/es/,,CABA,hotel,True,106.0,True,False,,"no_sitemap,old_stack",El Master Hostel Ciudad Autónoma de Ciudad Autónoma de Buenos Aires ofrece 23 habitaciones y se encuentra a 350 m del Polo Científico-Tecnológico.,serper,pending,2026-06-14T22:57:56.344356
30,ᐉ THE HOTEL ⋆⋆⋆ ( ARGENTINA ) REAL PHOTOS ... - Cordoba,https://the.hotels-in-cordoba.net/en/,,Unknown,hotel,True,120.2,True,False,,"no_sitemap,old_stack",The 3-star The Hotel Cordoba is approximately a 25-minute walk from the Super Park Cordoba and features 24-hour front desk assistance and wake-up service.,serper,pending,2026-06-14T22:57:58.814448
25,LORENA MORALES RAICES ESTUDIO INMOBILIARIO,https://inmobiliariasvillacarlospaz.com/,,Córdoba,inmobiliaria,False,146.5,True,True,2022,no_ssl,"Bienvenidos a Raices Estudio Inmobiliario 15 Años Concretando Sueños en Villa Carlos Paz y la Provincia de Córdoba ,nos especializamos en la venta de casas ...",serper,pending,2026-06-14T22:57:07.173784
25,-Abogado Caba- Estudio Jurídico Diz - Derecho Laboral y Civil,https://www.estudiojuridicodiz.com.ar/,,CABA,abogado,False,146.5,True,True,2019,no_ssl,"Nos especializamos en constitución y asesoría de sociedades, redacción y negociación de contratos comerciales e internacionales, defensa laboral ...",serper,pending,2026-06-14T22:57:08.484238
25,NOE GARAY | Venta y alquiler de inmuebles en Villa Carlos Paz,https://noegaray.com/,,Córdoba,inmobiliaria,False,122.9,True,True,,no_ssl,Venta y alquiler de propiedades de calidad en la ciudad de Villa Carlos Paz. Visitá nuestra web para ver las propiedades disponibles.,serper,pending,2026-06-14T22:57:11.422944
25,Oficina Mar del Plata - Estudio Jurídico Diz,https://www.estudiojuridicodiz.com.ar/donde-estamos/oficina-mar-del-plata/,,Mar del Plata,abogado,False,146.5,True,True,2019,no_ssl,"Nos especializamos en Derecho Civil, abordamos tanto cuestiones de Derecho de Familia (Divorcios, Cuidado Personal, Régimen de Comunicación, ...",serper,pending,2026-06-14T22:57:13.974124
25,Los mejores 30 Estudios Jurídicos y Contables de Buenos Aires en ...,https://svyasociados.com.ar/actualidad/estudio-juridico-contable/los-mejores-30-estudios-juridicos-y-contables-de-buenos-aires-en-2024/,,CABA,abogado,False,146.5,True,True,,no_ssl,"Descubra los mejores 30 estudios jurídicos y contables en Buenos Aires en 2024, brindando servicios de calidad y excelencia.",serper,pending,2026-06-14T22:57:14.266070
25,Estudio Contable Maroni,https://www.estudiocontablemaroni.com.ar/,,CABA,contador,False,146.5,True,True,,no_ssl,"Somos un Estudio Contable que brinda servicios impositivos, administrativos, contables, previsionales y a su vez dicta capacitaciones a colegas y futuros.",serper,pending,2026-06-14T22:57:21.117071
25,Los mejores Estudios Contables de Buenos Aires en 2024,https://svyasociados.com.ar/actualidad/estudio-contable/los-mejores-estudios-contables-de-buenos-aires-en-2024/,,CABA,contador,False,146.5,True,True,,no_ssl,"Esta lista comprende diferentes estudios contables de Buenos Aires, desde grandes firmas reconocidas a nivel nacional e internacional hasta ...",serper,pending,2026-06-14T22:57:23.272375
25,Sanatorio Córdoba,https://sanatoriocordoba.com.ar/,,Unknown,clinica,False,146.5,True,True,,no_ssl,GUARDIA 24 HS LOS 365 DÍAS DEL AÑO Consultorios externos con todas las especialidades. Internación Clínica y Quirúrgica Unidad de Terapia Intensiva (UTI),serper,pending,2026-06-14T22:57:37.722696
25,Sanatorio - ObSBA - Obra Social de la Ciudad de Buenos ...,https://www.obsba.org.ar/sanatorio/,,CABA,clinica,False,146.5,True,True,,no_ssl,Servicios del Sanatorio ; OFTALMOLOGIA ; OTORRINOLARINGOLOGIA ; PATOLOGIA MAMARIA ; PROCTOLOGIA ; TRAUMATOLOGIA ...,serper,pending,2026-06-14T22:57:38.057971
25,Gomería Central,https://www.gomeriacentral.com/,,CABA,taller,False,146.5,True,True,2023,no_ssl,"Ofrecemos los mejores precios del país en neumáticos, cubiertas y accesorios para tu vehículo. Con envios gratis y 4 sucursales en Córdoba Capital.",serper,pending,2026-06-14T22:57:39.733449
25,Tienda Online de Gomeria Altamirano,https://gomeriasaltamirano.com.ar/?srsltid=AfmBOoo8Vsqkty0OF_92zNryVBiqJYcoH1hS5QRtJ2jfgXdK7PSix-lQ,,CABA,taller,False,146.5,True,True,,no_ssl,"Comprá productos de Gomeria Altamirano por internet. Tenemos auto radial michelin, camioneta radial michelin y más. Hacé tu pedido y pagalo online.",serper,pending,2026-06-14T22:57:40.561248
25,Las principales empresas constructoras de Buenos Aires en 2024,https://mindlindevelopers.com/blog/las-principales-empresas-constructoras-de-buenos-aires-en-2024/,,CABA,constructora,False,146.5,True,True,2024,no_ssl,Las principales empresas constructoras de Buenos Aires en 2024 · 1. Techint · 2. 🏗️ Caputo · 3. Criba · 4. 🛣️ J. Cartellone Construcciones Civiles.,serper,pending,2026-06-14T22:57:44.454436
25,Marassa Construcciones: Construcción Llave en Mano - Crédito ...,https://www.marassaconstrucciones.com.ar/,,Unknown,constructora,False,111.2,True,True,,no_ssl,"Ofrecemos un servicio integral de construcción llave en mano en Córdoba, desde el diseño hasta el último detalle de la casa terminada, garantizando el ...",serper,pending,2026-06-14T22:57:44.976765
25,GRIF,https://grif.com.ar/,,Unknown,constructora,False,146.5,True,True,,no_ssl,"Somos una empresa constructora con base en Córdoba y más de 20 años de trayectoria en el desarrollo de obras de arquitectura, especializada en edificios ...",serper,pending,2026-06-14T22:57:46.549960
25,Empresa constructora en Capital Federal - Buenos Aires,https://burosteelframing.com/empresa-constructora-en-capital-federal-buenos-aires/,,CABA,constructora,False,103.4,True,True,2018,no_ssl,Ventajas de construir en Buenos Aires con profesionales · Experiencia comprobada en proyectos urbanos. · Flexibilidad en métodos constructivos: sistema húmedo o ...,serper,pending,2026-06-14T22:57:50.749981
20,Allende & Brea - Estudio Jurídico - Estudio de Abogados,https://allende.com/,,CABA,abogado,False,146.5,True,False,2003,"no_ssl,no_sitemap,old_domain_23y","Estudio de Abogados Allende & Brea más de 60 años de experiencia en la prestación de servicios legales, especializados en más de 30 áreas de práctica.",serper,pending,2026-06-14T22:57:10.283376
20,Clinica Privada Los Arcos,https://clinicaprivadalosarcos.com.ar/,,Unknown,clinica,True,19.4,True,False,,"html_small,no_sitemap","Es jefe de Servicio de Cirugía General de Clínica Privada Los Arcos de Córdoba, Argentina. Especialista en Cirugía Mínimamente Invasiva, Endocrina, Bariátrica, ...",serper,pending,2026-06-14T22:57:36.159389
20,Where to Stay in Buenos Aires - the 14 Best Luxury Hotels,https://luxurylatinamerica.com/blog/2025/09/01/where-to-stay-in-buenos-aires/,,CABA,hotel,False,146.5,True,False,2005,"no_ssl,no_sitemap,old_domain_21y",Where to Stay in Buenos Aires – the 14 Best Luxury Hotels · Alvear Art Hotel · Alvear Palace Hotel · Casa Lucia Melia Collection · Faena Hotel and ...,serper,pending,2026-06-14T22:57:50.362793
20,"Hotels in Buenos Aires, Argentina | Best Price at nh-hotels.com",https://www.nh-hotels.com/en/hotels/buenos-aires,,CABA,hotel,False,146.5,True,False,2000,"no_ssl,no_sitemap,old_domain_26y","NH Hotels has 9 hotels in the city, all of which offer you excellent locations close to the main tourist and business areas of Buenos Aires.",serper,pending,2026-06-14T22:57:51.203870
20,"The 2 Best Luxury Hotels in Cordoba, Argentina",https://luxurylatinamerica.com/blog/2024/10/23/hotels-in-cordoba-argentina/,,Unknown,hotel,False,146.5,True,False,2005,"no_ssl,no_sitemap,old_domain_21y","Rates are $200 to $480 depending on the time of year, demand, and which room option you choose. See our full review of Azur Real Hotel Boutique ...",serper,pending,2026-06-14T22:57:56.317511
20,"Hotels in Mar del Plata (Buenos Aires Province, Argentina) - Trivago",https://www.trivago.com/en-US/odr/hotels-mar-del-plata-argentina?search=200-137091,,Mar del Plata,hotel,False,146.5,True,False,2004,"no_ssl,no_sitemap,old_domain_22y","Compare the prices of 4034 hotels in Mar del Plata, Argentina. Find your ideal accommodation from hundreds of great deals and save with www.trivago.com.",serper,pending,2026-06-14T22:57:59.003403
15,ST Abogados | Defensa penal urgente y derecho civil en CABA y PBA,https://stabogados.com.ar/,+541170955868,CABA,abogado,False,88.1,True,True,2025,"no_ssl,new_domain_1y",Equipo del Estudio Jurídico en Buenos Aires Abogados penalistas en la Provincia de Buenos Aires. +54 11 70955868 estudio@stabogados.com.ar,serper,pending,2026-06-14T22:57:09.944865
10,Roomix - Propiedades en Argentina,https://roomix.ai/,,CABA,inmobiliaria,False,146.5,True,False,2024,"no_ssl,no_sitemap","Roomix es el buscador inmobiliario con inteligencia artificial mas grande de Argentina. a encontrar departamentos, casas, terrenos y locales comerciales en ...",serper,pending,2026-06-14T22:56:56.699826
10,Abogados Salud MDP | Abogados Especialistas en Derecho a la ...,https://www.abogadossaludmdp.com.ar/,,Mar del Plata,abogado,True,2.6,True,False,2025,"html_small,no_sitemap,new_domain_1y","Abogados especializados en derecho a la salud, incapacidades, pensiones y discapacidad. Más de 25 años defendiendo tus derechos. Consultanos.",serper,pending,2026-06-14T22:57:11.215098
10,Estudio Contable Lugones: Home,https://estudiolugones.com.ar/,,CABA,contador,True,0.0,False,True,,"html_small,no_mobile","El estudio contable Lugones cuenta con profesionales graduados en su mayoría en la Facultad de Ciencias económicas de la Universidad de Buenos Aires, formados ...",serper,pending,2026-06-14T22:57:19.918734
10,"Ofertas de trabajo de contador en Córdoba, Córdoba - Computrabajo",https://ar.computrabajo.com/trabajo-de-contador-en-cordoba-en-capital,,Unknown,contador,False,146.5,True,False,,"no_ssl,no_sitemap","164 Ofertas de trabajo de contador en Córdoba, Córdoba. Analista Contable Jr 4,1 Motcor S.A. Córdoba, Córdoba. Nexo Group Córdoba, Córdoba",serper,pending,2026-06-14T22:57:22.561645
10,Estudio Jurídico Nuñez & Asociados – Abogados en Zona Sur y ...,https://xn--estudionuez-9db.com/,,CABA,abogado,False,77.0,True,True,2020,"no_ssl,old_stack","Somos Abogados de Lomas de Zamora y nuestro Estudio Juridico litiga en toda la Provincia y la Ciudad de Buenos Aires, dedicándose especialmente al Derecho Civil ...",serper,pending,2026-06-14T22:57:25.064862
10,Bienvenidos a Clínica de rehabilitación Buenos Ayres,https://clinicabuenosayres.com.ar/,0114865420,CABA,clinica,False,91.8,True,True,,"no_ssl,old_stack","UBICACIÓN Y CONTACTO. Gallo 495, C1172 ABI, Buenos Aires, Argentina. Teléfono: 011 4865-4201/4193. Líneas rotativas. contacto@clinicabuenosayres.",serper,pending,2026-06-14T22:57:27.823988
10,Hospital Nacional Posadas,https://www.argentina.gob.ar/salud/hospital-nacional-posadas,,CABA,clinica,False,38.0,True,True,,"no_ssl,html_medium","Av. Pte. Illia s/n, El Palomar, Buenos Aires Código postal: 1684 Teléfono: (54-11) 4469-9200 / 4469-9300 Correo electrónico: oficinapaciente@hospitalposadas. ...",serper,pending,2026-06-14T22:57:30.333224
10,Sagrado Corazón | Sanatorio de Alta Complejidad,https://sagradocorazon.net.ar/,,CABA,clinica,True,0.0,False,True,,"html_small,no_mobile",Sagrado Corazón es el centro de alta complejidad (11) 5238.7800 / Ciudad de Buenos Aires Argentina (011) 5238.7800,serper,pending,2026-06-14T22:57:33.472190
10,Health Tourism - Visit Córdoba,https://visitcordoba.ar/en/health-tourism/,,Unknown,clinica,True,0.0,False,True,,"html_small,no_mobile","Córdoba is a medical excellence center in Latin America, which makes it an ideal place to undergo medical treatments. Physicians, surgeons and other ...",serper,pending,2026-06-14T22:57:38.590445
10,Gomeria y Distribuidora Silva | Insumos y Servicio para Gomerías,https://www.silvadistribuidora.com/,,CABA,taller,False,20.0,True,True,2024,"no_ssl,html_medium",En Distribuidora Silva nos especializamos en la venta de insumos para gomería en toda Argentina. +54 11 5749 3191. Buenos Aires - Argentina,serper,pending,2026-06-14T22:57:39.868714
10,Buscador de empresas de Construcción / obras en Buenos Aires,https://ar.computrabajo.com/empresas/empresas-de-construccion-y-obras-en-buenos-aires,,CABA,constructora,False,146.5,True,False,,"no_ssl,no_sitemap","118 Empresas de Construcción / obras en Buenos Aires ; Kat · Mar del Plata, Buenos Aires ; LIVIO BORTOLIN E HIJO S R L · 3 de Febrero, Buenos Aires ; INIZIALE S.A..",serper,pending,2026-06-14T22:57:42.814686
10,187 Empresas de Construcción / obras en Córdoba - Computrabajo,https://ar.computrabajo.com/empresas/empresas-de-construccion-y-obras-en-cordoba,,Unknown,constructora,False,146.5,True,False,,"no_ssl,no_sitemap",187 Empresas de Construcción / obras en Córdoba · Devel · Ingerod · OSUNA GONZALO RODRIGO · Casa Real Viviendas · FIX ASCENSORES SOCIEDAD POR ACCIONES SIMPLIFICADA.,serper,pending,2026-06-14T22:57:45.383201
10,Thesing Construcciones S.A. - Empresa Constructora en Buenos Aires,https://thesing.com.ar/,,CABA,constructora,False,146.5,True,False,,"no_ssl,no_sitemap","Somos Thesing. Diseñamos y ejecutamos proyectos de construcción enfocados en la calidad de los procesos, con know how técnico y evolución continua para los ...",serper,pending,2026-06-14T22:57:56.496474
5,Lepore,https://lepore.com.ar/,,CABA,inmobiliaria,False,28.2,True,False,2014,"no_ssl,html_medium,no_sitemap,old_domain_12y",Excelente atención y servicio muy profesional de una de las más prestigiosas inmobiliarias de Buenos Aires. Un gran equipo de trabajo que ha demostrado su ...,serper,pending,2026-06-14T22:56:57.606492
5,Borgarello y Asociados | Estudio Contable en Córdoba,http://www.borgarelloyasoc.com/,,Unknown,contador,True,0.0,False,False,2014,"html_small,no_mobile,no_sitemap,old_domain_12y","Más de 20 años de experiencia brindando asesoramiento fiscal, contable y jurídico. La gestión y resolución concreta de parte de nuestros equipos de contadores y ...",serper,pending,2026-06-14T22:57:36.708381
5,Empresa constructora de Córdoba especialista en Steel Framing,https://acedur.com/sobre-acedur/,,Unknown,constructora,False,36.6,True,False,2014,"no_ssl,html_medium,no_sitemap,old_domain_12y","Somos Acedur, una empresa constructora de Córdoba, Argentina, especializada en Steel Framing, el sistema constructivo de construcción en seco.",serper,pending,2026-06-14T22:57:46.689356
5,Empresa constructora y obras de arquitectura,https://cemasde.com.ar/,+5491154203615,CABA,constructora,True,17.6,True,False,,"html_small,no_sitemap,old_stack",Contactenos |; 11 4784-3796 | Whatsapp +5491154203615 | Whatsapp +549116398-5370; | info@cemasde.com.ar. Empresa constructora y obras de arquitectura.,serper,pending,2026-06-14T22:57:51.492471
0,Propiedades en Mar del Plata | Venta y Alquiler de Inmuebles,https://mardelplata.com.ar/,,CABA,inmobiliaria,False,0.0,False,False,2013,"no_ssl,html_small,no_mobile,no_sitemap,old_domain_13y","Buscá Propiedades en Mar del Plata. Casas, Departamentos, Terrenos y Locales en Venta o Alquiler. Inmobiliarias Destacadas y Ofertas Actualizadas.",serper,pending,2026-06-14T22:56:56.697679
0,"VALDEZ INMOBILIARIA , MAR DEL PLATA , INMOBILIARIA",https://www.valdezinmobiliaria.com/,,CABA,inmobiliaria,False,0.0,False,False,2024,"no_ssl,html_small,no_mobile,no_sitemap","Somos una empresa familiar marplatense dedicada al servicio inmobiliario, comprometida en llevar nuestros valores a su máxima expresión. Nuestra firme ...",serper,pending,2026-06-14T22:56:57.129869
0,"DEL ROSSO & ASOCIADOS , MAR DEL PLATA , INMOBILIARIA",https://www.delrossopropiedades.com.ar/,2234238833,CABA,inmobiliaria,False,0.0,False,False,2013,"no_ssl,html_small,no_mobile,no_sitemap,old_domain_13y","- Tenemos la experiencia, los conocimientos... Contáctenos. Corrientes 1913, Mar del Plata - Buenos Aires, Argentina; 2234238833 · 2234238833. Secciones. Inicio ...",serper,pending,2026-06-14T22:56:57.554642
0,"Silvia Armesto & Asoc. Inmobiliaria | Villa Carlos Paz, Córdoba",https://www.armestoinmobiliaria.com.ar/,,Córdoba,inmobiliaria,False,0.0,False,False,2013,"no_ssl,html_small,no_mobile,no_sitemap,old_domain_13y","Inmobiliaria Armesto es una empresa familiar de reconocida trayectoria comercial en Villa Carlos Paz y en el Valle de Punilla, con más de 30 años de servicio ...",serper,pending,2026-06-14T22:56:58.737256
0,Listado de Abogados - Embajada de los Estados Unidos en Argentina,https://ar.usembassy.gov/es/listado-de-abogados/,,CABA,abogado,False,0.0,False,False,,"no_ssl,html_small,no_mobile,no_sitemap","Especialidades: Derecho de familia, Matrimonio/Divorcio, Derecho Civil, Comercial, Daños y Perjuicios, Contratos, Patrimonial, Relaciones ...",serper,pending,2026-06-14T22:57:03.556454
0,List of Attorneys - U.S. Embassy in Argentina,https://ar.usembassy.gov/list-of-attorneys/,+54114379870,CABA,abogado,False,0.0,False,False,,"no_ssl,html_small,no_mobile,no_sitemap",Colegio de Abogados de la Ciudad de Buenos Aires Address: Av. Corrientes 1441. Tel: +54 11 4379-8700 ext. 249. Web: Colegio de Abogados de la ...,serper,pending,2026-06-14T22:57:05.050793
0,Mejores Abogados de Defensa penal en Mar del Plata - Lawzana,https://lawzana.com/es/criminal-defense-lawyers/mar-del-plata,,Mar del Plata,abogado,False,0.0,False,False,2020,"no_ssl,html_small,no_mobile,no_sitemap","Lista de los mejores abogados en Mar del Plata, Argentina ; Napp y Pouyssegur · Fundado en 1955 ; Ab. Fernanda Panizo | Abogados en Mar del Plata | Estudio ...",serper,pending,2026-06-14T22:57:11.926259
0,Colegio de Abogados de Córdoba,https://www.abogado.org.ar/,03515682901,Unknown,abogado,False,0.0,False,False,2013,"no_ssl,html_small,no_mobile,no_sitemap,old_domain_13y","Colegio de Abogados de Córdoba. Tel: 0351 568-2901. Av. Duarte Quirós 571, X5000 Córdoba. © 2025 Colegio de Abogados de Córdoba. Todos los derechos reservados ...",serper,pending,2026-06-14T22:57:12.699661
0,Colegio de Abogados de Córdoba,https://colegiodeabogados.com.ar/colegio/colegio-de-abogados-de-cordoba/,,Unknown,abogado,False,0.0,False,False,2013,"no_ssl,html_small,no_mobile,no_sitemap,old_domain_13y","El Colegio de Abogados de Córdoba aglutina en su institución a más de diez mil quinientos abogados de la Capital de Córdoba, como a su vez las ciudades de ...",serper,pending,2026-06-14T22:57:13.463365
0,Bienvenido a Defensa Pública de Córdoba,https://defensapublicacba.gob.ar/,,Unknown,abogado,False,0.4,False,False,,"no_ssl,html_small,no_mobile,no_sitemap",Accedé a una defensa de calidad y efectiva. · Protegemos tus derechos y estamos en todas las sedes judiciales de la Provincia. · ¿Quiénes Pueden Acceder?,serper,pending,2026-06-14T22:57:15.887556
0,"Empleos de Contador en Córdoba, Córdoba - Indeed Argentina","https://ar.indeed.com/q-contador-l-c%C3%B3rdoba,-c%C3%B3rdoba-empleos.html",,Unknown,contador,False,0.0,False,False,,"no_ssl,html_small,no_mobile,no_sitemap","Empleos de Contador en Córdoba, Córdoba · AUXILIAR ADMINISTRATIVO/A CONTABLE · RESPONSABLE DE COMPRAS · Área Administrativa & Contable · Área Administrativa & ...",serper,pending,2026-06-14T22:57:24.186748
0,SABATINI.AR - Abogados en Mar del Plata,https://www.sabatini.ar/,,Mar del Plata,abogado,False,0.0,False,False,,"no_ssl,html_small,no_mobile,no_sitemap",Abogados en Mar del Plata. DEFENSA ASESORAMIENTO. Derecho CIVIL Derecho COMERCIAL Derecho de FAMILIA Derecho INMOBILIARIO. Consulte por su situación.,serper,pending,2026-06-14T22:57:30.977107
0,CPBA,https://www.cpba.com.ar/,,CABA,contador,False,0.0,False,False,,"no_ssl,html_small,no_mobile,no_sitemap",Profesionales en Ciencias Económicas de la Provincia de Buenos Aires Diag. 74 N°1463. Tel. 0221 - 441 4141 | 512 6060. B1900BZK La Plata | CUIT 30-59942184-6 ...,serper,pending,2026-06-14T22:57:34.968785
0,Hospital Córdoba | Centro de Alta Complejidad Argentina,http://hospitalcordoba.com.ar/,,Unknown,clinica,False,34.7,True,False,,"no_ssl,html_medium,no_sitemap","Hospital Público de la provincia de Córdoba dedicado primordialmente a la atención de la alta complejidad, destacándose en la atención de neurocirugías y ...",serper,pending,2026-06-14T22:57:34.998273
0,"Empleos de Taller Mecanico en Capital Federal, Buenos Aires","https://ar.indeed.com/q-taller-mecanico-l-capital-federal,-buenos-aires-empleos.html",,CABA,taller,False,0.0,False,False,,"no_ssl,html_small,no_mobile,no_sitemap","Empleos de Taller mecanico en Capital Federal, Buenos Aires · TÉCNICO PARA TALLER · Tecnico/a Mecánico c/Experiencia en taller · Chapista/pintor de Camiones.",serper,pending,2026-06-14T22:57:36.679021
0,Taller mecánico Saavedra - Reparación de autos en Saavedra | Flama,https://www.tallerflama.com.ar/,,CABA,taller,False,18.5,True,False,,"no_ssl,html_small,no_sitemap","Taller mecánico en el barrio de Saaveda. Mecánica integral del automovil, todas las marcas, diagnóstico computarizado, diagnóstico pre VTV.",serper,pending,2026-06-14T22:57:37.922956
0,Servicio Mecánico a domicilio en Córdoba Capital Argentina,https://www.tallermecanicocordoba.com/,3516646104,Unknown,taller,False,10.1,True,False,2015,"no_ssl,html_small,no_sitemap,old_domain_11y",TEL: 351 6646104. Además disponemos de taller para problemas mas complejos Llámenos o escribanos por whatsapp al 351 6646104 0351 15-664-6104,serper,pending,2026-06-14T22:57:38.426644
0,Mecánico en cordoba capital - Reddit,https://www.reddit.com/r/Cordoba/comments/1odorf4/mec%C3%A1nico_en_cordoba_capital/,,Unknown,taller,False,0.0,False,False,2005,"no_ssl,html_small,no_mobile,no_sitemap,old_domain_21y","En la O'Higgins entre Olaen y Copina, justo frente al Electrohiggins. Esta medio escondido, parece mas un garage que otra cosa pero esta al ...",serper,pending,2026-06-14T22:57:38.741770
0,Talleres en Córdoba - Bosch Car Service,https://am.boschcarservice.com/ar/es/buscador/talleres-cordoba/,,Unknown,taller,False,30.7,True,False,,"no_ssl,html_medium,no_sitemap","Talleres en Córdoba. Encuentre su taller mecánico 16 Talleres. Hoy Abierto 08:30 - 13:30, 14:30 - 17:30 Castro Barros 1055 5000 Cordoba. Av O'Higgins 4372. ...",serper,pending,2026-06-14T22:57:39.829331
0,Mecánico a Domicilio en Córdoba,https://www.mecanicodecordoba.com/,,Unknown,taller,False,24.1,True,False,2019,"no_ssl,html_medium,no_sitemap",Mecánica integral a domicilio todos los días (incluye feriados). Atendemos todas las marcas y contamos con dos talleres en Córdoba Capital. electric_car ...,serper,pending,2026-06-14T22:57:39.909162
0,Taller mecánico en Córdoba - Terra GNC,https://terragnc.com.ar/terra-taller-mecanico-en-cordoba/,,Unknown,taller,False,0.0,False,False,,"no_ssl,html_small,no_mobile,no_sitemap","Realizamos diagnósticos y reparaciones integrales para vehículos nafteros, diésel y con GNC. Nuestro equipo técnico está preparado para atender todo tipo de ...",serper,pending,2026-06-14T22:57:40.366258
0,▷ Empresa Constructora 【1124840425】 Gablos S.A. ☑️,https://construccionesarg.com.ar/,,CABA,constructora,False,0.0,False,False,,"no_ssl,html_small,no_mobile,no_sitemap","Profesionales altamente cualificados para la ejecución de obras compuesto por Ingenieros, Jefes de Obra, Topógrafos, Técnicos, Encargados y Administrativos.",serper,pending,2026-06-14T22:57:43.009384
0,Registro de Empresas - AADAIH - Asociación Argentina de ...,https://aadaih.org.ar/empresas,3484435000,CABA,constructora,False,0.0,False,False,,"no_ssl,html_small,no_mobile,no_sitemap","Empresas Constructoras, Av. Leandro N. Alem 986, Piso 7, Capital Federal ... Buenos Aires, Escobar, marketing@mapei.com.ar, 3484435000, https://www.mapei.com ...",serper,pending,2026-06-14T22:57:49.528895
0,Hilton Buenos Aires Hotel in Puerto Madero,https://www.hilton.com/en/hotels/buehihh-hilton-buenos-aires/,,CABA,hotel,False,0.0,False,False,1994,"no_ssl,html_small,no_mobile,no_sitemap,old_domain_32y","Hilton Buenos Aires, Argentina, is a landmark in the upscale harborside area of Puerto Madero. With modern rooms, upscale dining and some of the best views ...",serper,pending,2026-06-14T22:57:50.472361
0,"Hotels in Buenos Aires, Argentina | Marriott Bonvoy",https://www.marriott.com/en-us/destinations/argentina/buenos-aires.mi,,CABA,hotel,False,0.0,False,False,,"no_ssl,html_small,no_mobile,no_sitemap","Marriott Bonvoy's collection of hotels in Buenos Aires provides a splendid entry conveniently located near premier museums, theaters,",serper,pending,2026-06-14T22:57:57.808005
0,"Mar del Plata | Alojamientos, Hoteles y Propiedades",https://mardelplata.com/,,Mar del Plata,hotel,False,0.0,False,False,1996,"no_ssl,html_small,no_mobile,no_sitemap,old_domain_30y","Buscá Hoteles, Cabañas y Departamentos en Mar del Plata. Portal Líder con Alojamientos, Inmobiliarias y Propiedades en Venta o Alquiler.",serper,pending,2026-06-14T22:58:00.021911
0,Browse Buenos Aires Hotels for 2026,https://www.hotels.com/de14534/hotels-buenos-aires-argentina/,,CABA,hotel,False,0.0,False,False,,"no_ssl,html_small,no_mobile,no_sitemap","Some of the most popular luxury hotels in Buenos Aires are Hilton Buenos Aires, Alvear Palace Hotel, and Hotel Madero Buenos Aires, WorldHotels Elite.",serper,pending,2026-06-14T22:58:00.337724
0,Busca hostales en Buenos Aires - Expedia,https://www.expedia.com/es/Buenos-Aires-Hostales.d178242-aaHostales.Guia-Viajes-Alojamiento,,CABA,hotel,False,0.0,False,False,,"no_ssl,html_small,no_mobile,no_sitemap",Nuestra selección de hostales en Buenos Aires · Casa Marina Argentina · Art Factory Soho · Play Hostel Garden · Sweet Home Palermo Soho Hostel · Viajero Hostel ...,serper,pending,2026-06-14T22:58:03.327063
0,Top 10 Hotels in Córdoba (from $27) 2026 - Competitive Prices,https://www.expedia.com/Cordoba-Hotels.d6054205.Travel-Guide-Hotels,,Unknown,hotel,False,0.0,False,False,,"no_ssl,html_small,no_mobile,no_sitemap","For family-friendly hotels in Cordoba, consider the Pinares Panorama Suites & Spa, Pinares del Cerro Resort & Suites, and Quórum Cordoba Hotel - Resort Urbano.",serper,pending,2026-06-14T22:58:07.514862
0,"Hotels in Mar del Plata, Argentina | Marriott Bonvoy",https://www.marriott.com/en-us/destinations/argentina/mar-del-plata.mi,,Mar del Plata,hotel,False,0.0,False,False,,"no_ssl,html_small,no_mobile,no_sitemap",Marriott Bonvoy's hotels in Mar Del Plata are the perfect starting point for your journey. Situated near top attractions such as the Museum of Fine Arts.,serper,pending,2026-06-14T22:58:08.367113
0,Browse Hotels in Mar del Plata - Experience 2026,https://www.hotels.com/de17212/hotels-mar-del-plata-and-vicinity-argentina/,,Mar del Plata,hotel,False,0.0,False,False,,"no_ssl,html_small,no_mobile,no_sitemap",Sheraton Mar Del Plata Hotel · Hotel Spa Republica · O2 Hoteles Mar del Plata · Hotel Denver · Hotel Versailles · HOTEL KONKE · Costa Galana · Gran Hotel Continental.,serper,pending,2026-06-14T22:58:08.564816
