nombre,website,telefono,ciudad,vertical,snippet,fuente,outreach_status,web_score,scraped_at
Alquiler y Venta de Propiedades en Buenos Aires,https://www.izr.com.ar/,,CABA,inmobiliaria,"Alquiler de departamentos, casas, lotes en la Ciudad de Buenos Aires y Gran Buenos Aires norte. Teléfono +54 11 5279 1001 Whatsapp +549 11 3830 9311 Casa ...",serper,pending,0,2026-06-15T01:34:22.932693Z
Cámara Inmobiliaria Argentina – La institución más federal del sector.,https://cia.org.ar/,,CABA,inmobiliaria,Centralizamos todos los datos e informes del sector inmobiliario en un exclusivo portal para socios. Ofrecemos una fuente única de información actualizada para ...,serper,pending,0,2026-06-15T01:34:22.932784Z
Roomix - Propiedades en Argentina,https://roomix.ai/,,CABA,inmobiliaria,"Roomix es el buscador inmobiliario con inteligencia artificial mas grande de Argentina. a encontrar departamentos, casas, terrenos y locales comerciales en ...",serper,pending,0,2026-06-15T01:34:22.932824Z
¿Cuál es la mejor inmobiliaria en la Argentina? - YouTube,https://www.youtube.com/watch?v=qMUK6w_igLw,,CABA,inmobiliaria,This content isn't available. ¿Cuál es la mejor inmobiliaria en la Argentina? 2.1K views · 10 months ago ...more. Beltrán Briones. 160K.,serper,pending,0,2026-06-15T01:34:22.932858Z
"Bullano — Portal inmobiliario de Argentina: publicá, comprá y ...",https://www.bullano.com.ar/,,CABA,inmobiliaria,"Bullano es el portal inmobiliario de Argentina que conecta a personas, inmobiliarias y desarrolladores para comprar, vender o alquilar propiedades en todo el ...",serper,pending,0,2026-06-15T01:34:22.932901Z
Lepore,https://lepore.com.ar/,,CABA,inmobiliaria,Excelente atención y servicio muy profesional de una de las más prestigiosas inmobiliarias de Buenos Aires. Un gran equipo de trabajo que ha demostrado su ...,serper,pending,0,2026-06-15T01:34:22.932938Z
"BRICK - Inmobiliaria en CABA, Zona Norte y Zona Sur",https://brick.com.ar/,,CABA,inmobiliaria,"Venta y alquiler de propiedades en CABA, Zona Norte y Zona Sur. Tasaciones, administración de alquileres y asesoramiento inmobiliario integral.",serper,pending,0,2026-06-15T01:34:25.283637Z
Maure Inmobiliaria Propiedades en Venta y Alquiler Buenos Aires ...,https://maureinmobiliaria.com/,,CABA,inmobiliaria,Inmobiliaria: Departamentos en alquiler y en venta con fotos planos video mapa en los mejores barrios Las Cañitas Palermo Belgrano Buenos Aires.,serper,pending,0,2026-06-15T01:34:25.283697Z
"Buscainmueble - Alquiler y venta de departamentos, casas y otros ...",https://www.buscainmueble.com/,,CABA,inmobiliaria,¡Encontrá las mejores propiedades en venta y alquiler! Buscainmueble es el portal inmobiliario líder en búsqueda de propiedades e inmuebles en Argentina.,serper,pending,0,2026-06-15T01:34:25.283731Z
Propiedades en Mar del Plata | Venta y Alquiler de Inmuebles,https://mardelplata.com.ar/,,CABA,inmobiliaria,"Buscá Propiedades en Mar del Plata. Casas, Departamentos, Terrenos y Locales en Venta o Alquiler. Inmobiliarias Destacadas y Ofertas Actualizadas.",serper,pending,0,2026-06-15T01:34:27.150112Z
IZA Inmobiliaria - Mar del Plata,https://izainmobiliaria.inmo.co/,2235776000,CABA,inmobiliaria,"Inmobiliaria - Mar del Plata. Buenos Aires, Argentina. Mar del Plata - Buenos Aires - Argentina MÓVIL 2235776000 TELÉFONO 2234949674 EMAIL info@iza.com.ar",serper,pending,0,2026-06-15T01:34:27.150306Z
Inmobiliaria María Inés Lledó - Mar del Plata,https://www.inmobiliarialledo.com.ar/,,CABA,inmobiliaria,Encuentra alquileres por temporada de verano en Mar del Plata y propiedades en venta o alquiler a 24 meses en Inmobiliaria María Inés Lledó.,serper,pending,0,2026-06-15T01:34:27.150351Z
"DEL ROSSO & ASOCIADOS , MAR DEL PLATA , INMOBILIARIA",https://www.delrossopropiedades.com.ar/,2234238833,CABA,inmobiliaria,"- Tenemos la experiencia, los conocimientos... Contáctenos. Corrientes 1913, Mar del Plata - Buenos Aires, Argentina; 2234238833 · 2234238833. Secciones. Inicio ...",serper,pending,0,2026-06-15T01:34:27.150394Z
"VALDEZ INMOBILIARIA , MAR DEL PLATA , INMOBILIARIA",https://www.valdezinmobiliaria.com/,,CABA,inmobiliaria,"Somos una empresa familiar marplatense dedicada al servicio inmobiliario, comprometida en llevar nuestros valores a su máxima expresión. Nuestra firme ...",serper,pending,0,2026-06-15T01:34:27.150457Z
Resultados Inmobiliarias Mar del Plata,https://www.turismomardelplata.gob.ar/ASP/SP/resultados-inmobiliarias.asp,,CABA,inmobiliaria,"Si estás buscando una casa o departamento para tu estadía en Mar del Plata, hay inmobiliarias que te ofrecen opciones para alquilar por pocos días, por semana, ...",serper,pending,0,2026-06-15T01:34:27.150498Z
Potente Propiedades – Tu inmobiliaria en Mar del Plata,https://www.potentepropiedades.com.ar/,,CABA,inmobiliaria,"Somos una inmobiliaria con raíces en Mar del Plata, fundada en 1968. Con más de 50 años de trayectoria y tres generaciones dedicadas al rubro, nos ...",serper,pending,0,2026-06-15T01:34:27.150576Z
Inmobiliaria Villa Carlos Paz,https://www.inmobiliariavillacarlospaz.com.ar/,,Córdoba,inmobiliaria,"Juan Pablo Ortega Inmobiliaria Villa Carlos Paz, le garantiza la venta compra alquiler anual o alquiler temporario de propiedades, brindando la mayor ...",serper,pending,0,2026-06-15T01:34:29.385206Z
"Comincini Inmobiliaria. Villa Carlos Paz, Córdoba.",https://www.comincini.com.ar/,,Córdoba,inmobiliaria,Venta · Casas · Departamentos · Terrenos · Comercios · Fracciones · Todos · Alquiler temporario · Casas · Departamentos · Todos.,serper,pending,0,2026-06-15T01:34:29.385279Z
"Silvia Armesto & Asoc. Inmobiliaria | Villa Carlos Paz, Córdoba",https://www.armestoinmobiliaria.com.ar/,,Córdoba,inmobiliaria,"Inmobiliaria Armesto es una empresa familiar de reconocida trayectoria comercial en Villa Carlos Paz y en el Valle de Punilla, con más de 30 años de servicio ...",serper,pending,0,2026-06-15T01:34:29.385321Z
LORENA MORALES RAICES ESTUDIO INMOBILIARIO,https://inmobiliariasvillacarlospaz.com/,,Córdoba,inmobiliaria,"Bienvenidos a Raices Estudio Inmobiliario 15 Años Concretando Sueños en Villa Carlos Paz y la Provincia de Córdoba ,nos especializamos en la venta de casas ...",serper,pending,0,2026-06-15T01:34:29.385359Z
NOE GARAY | Venta y alquiler de inmuebles en Villa Carlos Paz,https://noegaray.com/,,Córdoba,inmobiliaria,Venta y alquiler de propiedades de calidad en la ciudad de Villa Carlos Paz. Visitá nuestra web para ver las propiedades disponibles.,serper,pending,0,2026-06-15T01:34:29.385390Z
Inmobiliaria en Villa Carlos Paz - MMLUISA,https://mmluisa.com/,3541528601,Córdoba,inmobiliaria,"Dentro de Inmobiliarias Villa Carlos Paz trabajamos en colaboración ... MMLUISA Inmobiliaria en Carlos Paz, Córdoba, Argentina. Telefono: 3541528601 ...",serper,pending,0,2026-06-15T01:34:29.385437Z
Bienvenidos a Melina Distéfano Servicios Inmobiliarios,https://www.distefanoinmo.com.ar/,,Córdoba,inmobiliaria,"Inmobiliaria en Villa Carlos Paz, Sierras de Córdoba capital. Especialistas en alquileres temporales de casas, departamentos, cabañas y complejos.",serper,pending,0,2026-06-15T01:34:29.385474Z
Neuquén Propiedades - Propiedades en Neuquén,https://neuquenpropiedades.com.ar/,,Neuquén,inmobiliaria,"Encontrá tu Inmueble en Neuquén. Propiedades en Venta y Alquiler, Venta de Casas, Venta de Departamentos, Venta de Terrenos, Venta de Chacras, ...",serper,pending,0,2026-06-15T01:34:31.446895Z
Inmobiliaria Premium S.A. - Neuquén,https://www.inmobiliariapremium.com.ar/,+5492994238049,Neuquén,inmobiliaria,"Inmobiliaria Premium S.A. +5492994238049 info@inmobiliariapremium.com.ar. Argentina 164 - PB, Neuquén capital Seguinos. Terrenos · Departamentos · Casas · ...",serper,pending,0,2026-06-15T01:34:31.446940Z
Red Inmobiliaria,https://www.red-inmobiliaria.com.ar/,+5492993321774,Neuquén,inmobiliaria,Venta y Alquiler de Propiedades (0299) 482 3353 | redinmobiliarianqn@gmail.com +5492993321774. Neuquen Capital LOCAL CAPITAL RED INMOBILIARIA. Neuquén - ...,serper,pending,0,2026-06-15T01:34:31.446968Z
Hernandez Hnos Inmobiliaria,https://www.hernandezhnos.ar/,,Neuquén,inmobiliaria,"Hernandez hnos es una empresa con más de 40 años trabajando con éxito en el asesoramiento, la gestión comercial y la administración de inmuebles.",serper,pending,0,2026-06-15T01:34:31.447006Z
Inmobiliarias en Neuquen - Inmoclick,https://inmoclick.com/inmobiliarias?provincia=24,2995322201,Neuquén,inmobiliaria,50 Inmobiliarias encontradas ; SALEM SERVICIOS INMOBILIARIOS · 299 5322201-299 5322201; AV ARGENTINA 197 PISO 3 A NEUQUEN CAPITAL CENTRO ; Inversiones del Comahue.,serper,pending,0,2026-06-15T01:34:31.447034Z
Makrich & Asoc.,https://www.makrich.com.ar/,+5492995516521,Neuquén,inmobiliaria,Propiedades · Emprendimientos · Alquiler · Venta · La Empresa · Tasación · Contacto · +54 9 2995 51-6521 · ventas@makrich.com.ar; Salta Nº 246 | Neuquén ...,serper,pending,0,2026-06-15T01:34:31.447060Z
Listado de Abogados - Embajada de los Estados Unidos en Argentina,https://ar.usembassy.gov/es/listado-de-abogados/,,CABA,abogado,"Especialidades: Derecho de familia, Matrimonio/Divorcio, Derecho Civil, Comercial, Daños y Perjuicios, Contratos, Patrimonial, Relaciones ...",serper,pending,0,2026-06-15T01:34:33.984263Z
Asociación de Abogadas y Abogados de Buenos Aires – Asociación ...,https://aaba.org.ar/,,CABA,abogado,"Uruguay 485 piso 3, Buenos Aires, Argentina. (5411) 4371-8869/9529 informes@aaba.org.ar. www.aaba.org.ar",serper,pending,0,2026-06-15T01:34:33.984321Z
Marval O'Farrell Mairal: Estudio Jurídico Líder en Argentina y ...,https://www.marval.com/,,CABA,abogado,"Marval O'Farrell Mairal reconocido como el estudio jurídico líder en Argentina y América Latina, con 300+ abogados, 100+ años y alcance internacional.",serper,pending,0,2026-06-15T01:34:33.984362Z
Col.Pro.BA – Colegio de Abogados de la Provincia de Buenos Aires,https://www.colproba.org.ar/,,CABA,abogado,Consultorios Jurídicos Gratuitos · Nómina de Matrícula · Colegios · Comisiones · Servicios · Generación Masiva de Bonos · Portal de Autogestión ...,serper,pending,0,2026-06-15T01:34:33.984396Z
Barreiro | Abogados,https://www.bodlegal.com/en/home-english/,,CABA,abogado,"In 2018, in Buenos Aires, a group of professionals with many years of working together founded Barreiro with the ambitious vision of transforming legal ...",serper,pending,0,2026-06-15T01:34:33.984435Z
List of Attorneys - U.S. Embassy in Argentina,https://ar.usembassy.gov/list-of-attorneys/,+54114379870,CABA,abogado,Colegio de Abogados de la Ciudad de Buenos Aires Address: Av. Corrientes 1441. Tel: +54 11 4379-8700 ext. 249. Web: Colegio de Abogados de la ...,serper,pending,0,2026-06-15T01:34:33.984466Z
García Menéndez Abogados – Argentina Attorneys at Law-Lawyers ...,https://www.gmenendez.com/,,CABA,abogado,"García Menéndez asesora a Personas físicas y Jurídicas, con la profunda determinación de ser una referencia de calidad y excelencia profesional en las ...",serper,pending,0,2026-06-15T01:34:33.984502Z
Despachos de Abogados y Asesoría Legal en Argentina,https://argentina.justia.com/recursos/despachos.html,,CABA,abogado,"Despachos de Abogados y Asesoría Legal en Argentina ; Allende & Brea, Derecho Administrativo, Derecho de la Aviación, Derecho Bancario, Protección al Consumidor ...",serper,pending,0,2026-06-15T01:34:33.984574Z
Beccar Varela: Estudio Jurídico,https://beccarvarela.com/,,CABA,abogado,Somos un estudio jurídico líder en servicios legales. Compartimos una historia de 125 años que nos permite brindar asesoramiento integral de primer nivel.,serper,pending,0,2026-06-15T01:34:37.316081Z
Estudio Jurídico Nuñez & Asociados – Abogados en Zona Sur y ...,https://xn--estudionuez-9db.com/,,CABA,abogado,"Somos Abogados de Lomas de Zamora y nuestro Estudio Juridico litiga en toda la Provincia y la Ciudad de Buenos Aires, dedicándose especialmente al Derecho Civil ...",serper,pending,0,2026-06-15T01:34:37.316147Z
-Abogado Caba- Estudio Jurídico Diz - Derecho Laboral y Civil,https://www.estudiojuridicodiz.com.ar/,,CABA,abogado,"Nos especializamos en constitución y asesoría de sociedades, redacción y negociación de contratos comerciales e internacionales, defensa laboral ...",serper,pending,0,2026-06-15T01:34:37.316187Z
Grupo Legal: Estudio de Abogados | Estudio Jurídico,https://grupolegal.com.ar/,,CABA,abogado,"Nuestro estudio de abogados brinda asesoramiento y defensa legal en despidos, accidentes de trabajo, accidentes de tránsito y sucesiones. Contamos con abogados ...",serper,pending,0,2026-06-15T01:34:37.316219Z
Estudio Moltedo Abogados – Estudio Moltedo: 100 años de ...,https://moltedo.com.ar/,,CABA,abogado,"Áreas de actuación · Derecho Societario, Gestión Empresarial y Compliance · Asesoramiento Empresarial, Contratos, Defensa del Consumidor y Seguros · Derecho de ...",serper,pending,0,2026-06-15T01:34:37.316271Z
ST Abogados | Defensa penal urgente y derecho civil en CABA y PBA,https://stabogados.com.ar/,+541170955868,CABA,abogado,Equipo del Estudio Jurídico en Buenos Aires Abogados penalistas en la Provincia de Buenos Aires. +54 11 70955868 estudio@stabogados.com.ar,serper,pending,0,2026-06-15T01:34:37.316293Z
"Buenos Aires Legal Group - Abogados en Buenos Aires, Argentina",https://buenosaireslegalgroup.com.ar/,,CABA,abogado,"Somos un estudio jurídico y notarial líder en el mercado, encargado de ofrecer asesoramiento de primer nivel acorde a cada necesidad de nuestros clientes.",serper,pending,0,2026-06-15T01:34:37.316323Z
Los mejores 30 Estudios Jurídicos y Contables de Buenos Aires en ...,https://svyasociados.com.ar/actualidad/estudio-juridico-contable/los-mejores-30-estudios-juridicos-y-contables-de-buenos-aires-en-2024/,,CABA,abogado,"Descubra los mejores 30 estudios jurídicos y contables en Buenos Aires en 2024, brindando servicios de calidad y excelencia.",serper,pending,0,2026-06-15T01:34:37.316365Z
Allende & Brea - Estudio Jurídico - Estudio de Abogados,https://allende.com/,,CABA,abogado,"Estudio de Abogados Allende & Brea más de 60 años de experiencia en la prestación de servicios legales, especializados en más de 30 áreas de práctica.",serper,pending,0,2026-06-15T01:34:37.316397Z
CAMDP – Colegio de Abogados Departamento Judicial Mar del Plata,https://camdp.org.ar/wp/,,Mar del Plata,abogado,Sala de profesionales +54 9 223 4 23-2020. Alte. Brown 1958 (B7600FTZ) - Mar del Plata - Telefonos: 493-9513 / 491-7987 - CUIT: 30-53689825-1. Continuar la ...,serper,pending,0,2026-06-15T01:34:39.402801Z
Listado de Abogados de Mar del Plata,https://inmobiliariasmardelplata.com/2009/12/26/listado-de-abogados-de-mar-del-plata/,,Mar del Plata,abogado,ANTONIO AUGUSTO ・ 495-3138 Abogado 09-379 ・ 475-0234 / 474-9886. Tel: (054 223) 495-5574 / 494-8692 / 410-8999,serper,pending,0,2026-06-15T01:34:39.402862Z
SABATINI.AR - Abogados en Mar del Plata,https://www.sabatini.ar/,,Mar del Plata,abogado,Abogados en Mar del Plata. DEFENSA ASESORAMIENTO. Derecho CIVIL Derecho COMERCIAL Derecho de FAMILIA Derecho INMOBILIARIO. Consulte por su situación.,serper,pending,0,2026-06-15T01:34:39.402898Z
Abogados Salud MDP | Abogados Especialistas en Derecho a la ...,https://www.abogadossaludmdp.com.ar/,,Mar del Plata,abogado,"Abogados especializados en derecho a la salud, incapacidades, pensiones y discapacidad. Más de 25 años defendiendo tus derechos. Consultanos.",serper,pending,0,2026-06-15T01:34:39.402931Z
RYM GROUP: Abogados en Mar del Plata,https://rymestudio.com.ar/?srsltid=AfmBOopOEBmFqzAOwzSFQWUyizwDXBQ_iXgCnSbYYEdT5DAAZ98cd8OJ,,Mar del Plata,abogado,"Somos un equipo de abogados en Mar del Plata comprometidos especializados en Derecho de Familia, Sucesiones, Civil y Comercial y Laboral. Brindamos un servicio ...",serper,pending,0,2026-06-15T01:34:39.402970Z
Mejores Abogados de Defensa penal en Mar del Plata - Lawzana,https://lawzana.com/es/criminal-defense-lawyers/mar-del-plata,,Mar del Plata,abogado,"Lista de los mejores abogados en Mar del Plata, Argentina ; Napp y Pouyssegur · Fundado en 1955 ; Ab. Fernanda Panizo | Abogados en Mar del Plata | Estudio ...",serper,pending,0,2026-06-15T01:34:39.403039Z
Oficina Mar del Plata - Estudio Jurídico Diz,https://www.estudiojuridicodiz.com.ar/donde-estamos/oficina-mar-del-plata/,,Mar del Plata,abogado,"Nos especializamos en Derecho Civil, abordamos tanto cuestiones de Derecho de Familia (Divorcios, Cuidado Personal, Régimen de Comunicación, ...",serper,pending,0,2026-06-15T01:34:39.403098Z
Colegio de Abogados de Córdoba,https://www.abogado.org.ar/,03515682901,Unknown,abogado,"Colegio de Abogados de Córdoba. Tel: 0351 568-2901. Av. Duarte Quirós 571, X5000 Córdoba. © 2025 Colegio de Abogados de Córdoba. Todos los derechos reservados ...",serper,pending,0,2026-06-15T01:34:41.671421Z
Abogado Penalista en Córdoba | Dr. Perez Lloveras,https://perezlloveras.com.ar/,,Unknown,abogado,"Necesitas un abogado penalista en Córdoba? El Dr. Pérez Lloveras, con más de 25 años de experiencia, te asesora en causas penales: delitos sexuales...",serper,pending,0,2026-06-15T01:34:41.671480Z
Colegio de Abogados de Córdoba,https://colegiodeabogados.com.ar/colegio/colegio-de-abogados-de-cordoba/,,Unknown,abogado,"El Colegio de Abogados de Córdoba aglutina en su institución a más de diez mil quinientos abogados de la Capital de Córdoba, como a su vez las ciudades de ...",serper,pending,0,2026-06-15T01:34:41.671518Z
Estudio Jurídico Mogliani y Asociados - Córdoba,https://www.estudiojuridicomogliani.com.ar/,,Unknown,abogado,"Estudio de Abogados en Córdoba especialistas en Derecho Laboral, Civil y Comercial. Asesoramiento jurídico y legal, consulta hoy un Abogado Laboral con ...",serper,pending,0,2026-06-15T01:34:41.671610Z
Ferrero & Moreno - Estudio de abogados en Córdoba Capital,http://ferreromoreno.com.ar/,,Unknown,abogado,"FERRERO & MORENO estudio de abogados especialistas del derecho en Córdoba Capital, dirigido por Luis Facundo Ferrero, brinda seguridad jurídica y garantiza ...",serper,pending,0,2026-06-15T01:34:41.671652Z
Abogados y Consejeros,https://muabogados.com.ar/institucional/abogados-y-consejeros/,,Unknown,abogado,"Conozca al equipo de abogados de Martínez Urrutibehety. Descubra a los socios y directores, expertos en derecho empresarial, seguros y laboral en Córdoba, ...",serper,pending,0,2026-06-15T01:34:41.671686Z
Estudio Jurídico – AF – Entidad formada por abogados y ...,https://afmabogados.com.ar/,,Unknown,abogado,"Brindar asesoramiento integral a personas y a empresas, gestionando sus necesidades con especialistas en el área, atendiendo a la realidad de cada una de ...",serper,pending,0,2026-06-15T01:34:41.671719Z
Bienvenido a Defensa Pública de Córdoba,https://defensapublicacba.gob.ar/,,Unknown,abogado,Accedé a una defensa de calidad y efectiva. · Protegemos tus derechos y estamos en todas las sedes judiciales de la Provincia. · ¿Quiénes Pueden Acceder?,serper,pending,0,2026-06-15T01:34:41.671752Z
CPBA,https://www.cpba.com.ar/,,CABA,contador,Profesionales en Ciencias Económicas de la Provincia de Buenos Aires Diag. 74 N°1463. Tel. 0221 - 441 4141 | 512 6060. B1900BZK La Plata | CUIT 30-59942184-6 ...,serper,pending,0,2026-06-15T01:34:43.561996Z
Consejo: Home,https://www.consejo.org.ar/,,CABA,contador,Ciudad Autónoma de Bs. As. consejoescucha@consejocaba.org.ar · Ver teléfonos por áreas · Proveedores: pagos disponibles · Verificación de profesionales ...,serper,pending,0,2026-06-15T01:34:43.562045Z
FACPCE - Federación Argentina de Consejos Profesionales de ...,https://www.facpce.org.ar/,,CABA,contador,Contador Público por la Facultad de Ciencias Económicas de la Universidad de Buenos Aires ... Disertante en diversos congresos en Argentina y el exterior.,serper,pending,0,2026-06-15T01:34:43.562078Z
Contador - Económicas UBA,https://economicas.uba.ar/alumnos/contador/,,CABA,contador,"¿QUÉ HACE UN CONTADOR PÚBLICO? El Contador Público asesora personas y empresas en las áreas financiera, impositiva, contable, laboral, de costos y societaria.",serper,pending,0,2026-06-15T01:34:43.562108Z
Estudio del AMO: Estudio Contable en Belgrano Capital Federal,https://estudiodelamo.com/,,CABA,contador,"Somos un Estudio Contable que, desde 2003, se dedica a proveer soluciones integrales a Pymes y nuevos emprendimientos. ¡Contactanos ahora!",serper,pending,0,2026-06-15T01:34:43.562140Z
Estudio Contable Paredes,https://estudiocontableparedes.com.ar/,,CABA,contador,"Asesoramiento contable para empresas y sociedades, Elaboración de estados contables (balances), Auditoría de estados contables de acuerdo con normas ...",serper,pending,0,2026-06-15T01:34:45.827631Z
Estudio Contable Lugones: Home,https://estudiolugones.com.ar/,,CABA,contador,"El estudio contable Lugones cuenta con profesionales graduados en su mayoría en la Facultad de Ciencias económicas de la Universidad de Buenos Aires, formados ...",serper,pending,0,2026-06-15T01:34:45.827687Z
Los mejores Estudios Contables de Buenos Aires en 2024,https://svyasociados.com.ar/actualidad/estudio-contable/los-mejores-estudios-contables-de-buenos-aires-en-2024/,,CABA,contador,"Esta lista comprende diferentes estudios contables de Buenos Aires, desde grandes firmas reconocidas a nivel nacional e internacional hasta ...",serper,pending,0,2026-06-15T01:34:45.827724Z
Estudio Contable en Buenos Aires - Estudio Lorenzo y Asoc,https://estudiolorenzoasoc.com/,,CABA,contador,"En Estudio Lorenzo, ofrecemos servicios contables de alta calidad para empresas y particulares. Con años de experiencia a tu disposición.",serper,pending,0,2026-06-15T01:34:45.827761Z
CCA Estudio Contable | Servicios Contables y Tributarios ...,https://www.ccaestudiocontable.com.ar/,,CABA,contador,"Más de 20 años brindando soluciones contables integrales para personas y empresas. Experiencia, profesionalismo y atención personalizada. Contactanos hoy. Ver ...",serper,pending,0,2026-06-15T01:34:45.827800Z
Estudio Contable Maroni,https://www.estudiocontablemaroni.com.ar/,,CABA,contador,"Somos un Estudio Contable que brinda servicios impositivos, administrativos, contables, previsionales y a su vez dicta capacitaciones a colegas y futuros.",serper,pending,0,2026-06-15T01:34:45.827834Z
Consejo Profesional Ciencias Económicas Córdoba – Consejo ...,https://cpcecba.org.ar/,,Unknown,contador,CPCE Córdoba. Buenos Aires 865. Av. Hipólito Yrigoyen 490 (X5000JHR) Córdoba – República Argentina Tel. (0351) 468-8300. Email: cpcecba@cpcecba.org.ar ...,serper,pending,0,2026-06-15T01:34:48.509653Z
Borgarello y Asociados | Estudio Contable en Córdoba,http://www.borgarelloyasoc.com/,,Unknown,contador,"Más de 20 años de experiencia brindando asesoramiento fiscal, contable y jurídico. La gestión y resolución concreta de parte de nuestros equipos de contadores y ...",serper,pending,0,2026-06-15T01:34:48.509720Z
"Ofertas de trabajo de contador en Córdoba, Córdoba - Computrabajo",https://ar.computrabajo.com/trabajo-de-contador-en-cordoba-en-capital,,Unknown,contador,"164 Ofertas de trabajo de contador en Córdoba, Córdoba. Analista Contable Jr 4,1 Motcor S.A. Córdoba, Córdoba. Nexo Group Córdoba, Córdoba",serper,pending,0,2026-06-15T01:34:48.509774Z
Contador/a Público/a - Facultad de Ciencias Económicas,https://www.eco.unc.edu.ar/carreras-de-grado-estudios/contador-publico,,Unknown,contador,La carrera de Contador/a Público/a forma profesionales imprescindibles a la hora de generar información útil para la toma de decisiones y el control de las ...,serper,pending,0,2026-06-15T01:34:48.509811Z
Compará dónde estudiar contador público en Córdoba (21),https://www.buscouniversidad.com.ar/contador-publico-cordoba-CZ-290-6,,Unknown,contador,Compará dónde estudiar contador público en Córdoba (21) ; Contador Público. Universidad Siglo 21 · Universidad Siglo 21 · Licenciaturas - 4 Años ; Contador Público ...,serper,pending,0,2026-06-15T01:34:48.509857Z
"K&S Contadores Públicos | Estudio Contable | Córdoba, Argentina",https://www.ksyasoc.com.ar/,93512106672,Unknown,contador,Contamos con más de 25 años de experiencia en consultoría y asesoramiento contable y financiero. CONTACTO. Diseño sin título (4).png · +54 9351 210 6672.,serper,pending,0,2026-06-15T01:34:48.509896Z
"Empleos de Contador en Córdoba, Córdoba - Indeed Argentina","https://ar.indeed.com/q-contador-l-c%C3%B3rdoba,-c%C3%B3rdoba-empleos.html",,Unknown,contador,"Empleos de Contador en Córdoba, Córdoba · AUXILIAR ADMINISTRATIVO/A CONTABLE · RESPONSABLE DE COMPRAS · Área Administrativa & Contable · Área Administrativa & ...",serper,pending,0,2026-06-15T01:34:48.509931Z
Establecimientos - Hospitales y Centros de Salud | Buenos Aires ...,https://buenosaires.gob.ar/gcaba_historico/salud/establecimientos-hospitales-y-centros-de-salud,,CABA,clinica,"Encontrá los Hospitales, Centros de Salud Nivel 1, Centros Médicos Barriales (CMB) y Estaciones Saludables más cercanos a vos.",serper,pending,0,2026-06-15T01:34:50.732627Z
Servicios Médicos Buenos Aires – Servicios Pre y POST Hospitalarios,https://www.cmbuenosaires.com/,,CABA,clinica,Agenda tu cita sin salir de casa · Tu salud es nuestra prioridad · Nuestros aliados · Unidad resonancia magnética.,serper,pending,0,2026-06-15T01:34:50.732672Z
Bienvenidos a Clínica de rehabilitación Buenos Ayres,https://clinicabuenosayres.com.ar/,0114865420,CABA,clinica,"UBICACIÓN Y CONTACTO. Gallo 495, C1172 ABI, Buenos Aires, Argentina. Teléfono: 011 4865-4201/4193. Líneas rotativas. contacto@clinicabuenosayres.",serper,pending,0,2026-06-15T01:34:50.732703Z
"Medical Aesthetics Clinics in Buenos Aires, Argentina - WhatClinic",https://www.whatclinic.com/beauty-clinics/argentina/buenos-aires,,CABA,clinica,All 15 clinics that provide Medical Aesthetics in Buenos Aires · EME Centro Capilar · Cirugia and Láser Dr. Pérez Rivera · Carisma Medical Center - Hombres.,serper,pending,0,2026-06-15T01:34:50.732736Z
Clínica San Camilo | Atención médica en Buenos Aires,https://clinicasancamilo.org.ar/,,CABA,clinica,"Clínica San Camilo en Buenos Aires. Atención médica integral, guardia, internación y diagnóstico con profesionales especializados.",serper,pending,0,2026-06-15T01:34:50.732766Z
Centro Medico Buenos Aires Medellin | Consulta médica General ...,http://centromedicobuenosairesmedellin.com/,,CABA,clinica,"Nuestros campos de acción son las ayudas diagnósticas, laboratorio clínico y consulta médica general y especializada. Ver más ...",serper,pending,0,2026-06-15T01:34:50.732799Z
Salud - Gobierno de la Ciudad Autónoma de Buenos Aires,https://buenosaires.gob.ar/gcaba_historico/salud,,CABA,clinica,"Podés consultar el empadronamiento del sistema de salud, servicios, personas mayores, programas y prevención en hospitales y CeSAC de la ciudad.",serper,pending,0,2026-06-15T01:34:50.732827Z
Centro Médico Buenos Aires – Centro integral de salud,https://cemeba.com.ar/,,CABA,clinica,"En el Centro Médico Buenos Aires brindamos atención integral con calidez humana y tecnología de vanguardia. Contamos con profesionales altamente capacitados, ...",serper,pending,0,2026-06-15T01:34:53.545830Z
Sanatorio Mater Dei | Buenos Aires,https://www.sanatoriomaterdei.com.ar/,,CABA,clinica,Sanatorio Mater Dei: San Martín de Tours 2952 (CP 1425 - Buenos Aires.) Teléfono: 4809-5555. Consultorios Externos 3360: Castex 3360 (CP 1425 - Buenos Aires.),serper,pending,0,2026-06-15T01:34:53.545907Z
Sanatorio Otamendi,https://www.otamendi.com.ar/,+54114965290,CABA,clinica,"Sanatorio Otamendi Azcuénaga 870, CABA Argentina (C1115AAB) +54 11 4965-2900 +54 11 2838 2351",serper,pending,0,2026-06-15T01:34:53.545928Z
Sagrado Corazón | Sanatorio de Alta Complejidad,https://sagradocorazon.net.ar/,,CABA,clinica,Sagrado Corazón es el centro de alta complejidad (11) 5238.7800 / Ciudad de Buenos Aires Argentina (011) 5238.7800,serper,pending,0,2026-06-15T01:34:53.545963Z
Sanatorio Güemes: Inicio,https://sitio.sg.com.ar/,,CABA,clinica,"Sanatorio Güemes damos la bienvenida al Centro Médico Rossi que se suma a nuestro sanatorio, incorporando. Córdoba - Av. Córdoba 3933 CABA, Argentina",serper,pending,0,2026-06-15T01:34:53.546005Z
Hospital Nacional Posadas,https://www.argentina.gob.ar/salud/hospital-nacional-posadas,,CABA,clinica,"Av. Pte. Illia s/n, El Palomar, Buenos Aires Código postal: 1684 Teléfono: (54-11) 4469-9200 / 4469-9300 Correo electrónico: oficinapaciente@hospitalposadas. ...",serper,pending,0,2026-06-15T01:34:53.546046Z
Sanatorio de la Providencia - Tu Centro Médico de Confianza,https://sanatoriodelaprovidencia.com/,,CABA,clinica,"Turnos por whatsapp. Turnos por whatsapp (+54 9) 011 – 6300-5284. Lun a Vie 8 a 19hs. ; Turnos online. Si ya sos paciente, sacá tu turno online de manera fácil y ...",serper,pending,0,2026-06-15T01:34:53.546106Z
Sanatorio - ObSBA - Obra Social de la Ciudad de Buenos ...,https://www.obsba.org.ar/sanatorio/,,CABA,clinica,Servicios del Sanatorio ; OFTALMOLOGIA ; OTORRINOLARINGOLOGIA ; PATOLOGIA MAMARIA ; PROCTOLOGIA ; TRAUMATOLOGIA ...,serper,pending,0,2026-06-15T01:34:53.546180Z
HOSPITAL PRIVADO Universitario de Córdoba,https://hospitalprivado.com.ar/,,Unknown,clinica,"Hospital Privado de Córdoba, somos un grupo de profesionales de reconocida trayectoria a nivel nacional e internacional.",serper,pending,0,2026-06-15T01:34:55.627016Z
Sanatorio Córdoba,https://sanatoriocordoba.com.ar/,,Unknown,clinica,GUARDIA 24 HS LOS 365 DÍAS DEL AÑO Consultorios externos con todas las especialidades. Internación Clínica y Quirúrgica Unidad de Terapia Intensiva (UTI),serper,pending,0,2026-06-15T01:34:55.627072Z
Clinica Privada Los Arcos,https://clinicaprivadalosarcos.com.ar/,,Unknown,clinica,"Es jefe de Servicio de Cirugía General de Clínica Privada Los Arcos de Córdoba, Argentina. Especialista en Cirugía Mínimamente Invasiva, Endocrina, Bariátrica, ...",serper,pending,0,2026-06-15T01:34:55.627107Z
Hospital Córdoba | Centro de Alta Complejidad Argentina,http://hospitalcordoba.com.ar/,,Unknown,clinica,"Hospital Público de la provincia de Córdoba dedicado primordialmente a la atención de la alta complejidad, destacándose en la atención de neurocirugías y ...",serper,pending,0,2026-06-15T01:34:55.627140Z
Health Tourism - Visit Córdoba,https://visitcordoba.ar/en/health-tourism/,,Unknown,clinica,"Córdoba is a medical excellence center in Latin America, which makes it an ideal place to undergo medical treatments. Physicians, surgeons and other ...",serper,pending,0,2026-06-15T01:34:55.627172Z
Hospital Italiano de Córdoba – Te cuidamos siempre.,http://www.hospital-italiano.org.ar/,03514106500,Unknown,clinica,Central Telefónica. 0351 410 6500. Lunes a Viernes 8 a 20 h. ; WhatsApp Turnos. 351 633 2461. Lunes a Viernes 8 a 18 h. ; Diagnóstico por Imágenes. 351 633 2429.,serper,pending,0,2026-06-15T01:34:55.627215Z
"clinica y maternidad del sol | salud | Chacabuco 705, Córdoba ...",https://www.clinicadelsol.com.ar/,3517555444,Unknown,clinica,Turnos de lunes a viernes de 8 a 21hs. Teléfono call center: 0810 555 2765 WhatsApp central de turnos: 3517555444. Derivaciones Médicas: 3516523503.,serper,pending,0,2026-06-15T01:34:55.627286Z
Taller Mecánico en Avellaneda | MDO Garage,https://mdogarage.com/,,CABA,taller,"Hernan Cortés 731, B1870 Sarandí, Provincia de Buenos Aires · 011 15-2176-0897 · mecanicadavidoff.byokos@gmail.com · MDO Garage - Taller Mecanico en Avellaneda ...",serper,pending,0,2026-06-15T01:34:57.838360Z
Taller Mecánico Bertani – Más de 50 años de experiencia en ...,https://tallerbertani.com.ar/,,CABA,taller,Cambio Correa distribución en Zona Norte Buenos Aires Argentina Taller Mecánico Bertani. Más información en nuestro sitio especializado en correas de ...,serper,pending,0,2026-06-15T01:34:57.838423Z
Taller mecánico de todas las marcas en Ciudad Autónoma Buenos ...,https://www.autocosmos.com.ar/servicios?pr=324&ts=1,,CABA,taller,Taller mecánico de todas las marcas en Ciudad Autónoma Buenos Aires ; INTERNACIONAL MOTORS. Almagro - ; Lepic. Barracas - ; Matadero Motors. Mataderos - ; Matadero ...,serper,pending,0,2026-06-15T01:34:57.838473Z
"Empleos de Taller Mecanico en Capital Federal, Buenos Aires","https://ar.indeed.com/q-taller-mecanico-l-capital-federal,-buenos-aires-empleos.html",,CABA,taller,"Empleos de Taller mecanico en Capital Federal, Buenos Aires · TÉCNICO PARA TALLER · Tecnico/a Mecánico c/Experiencia en taller · Chapista/pintor de Camiones.",serper,pending,0,2026-06-15T01:34:57.838515Z
Taller mecánico Saavedra - Reparación de autos en Saavedra | Flama,https://www.tallerflama.com.ar/,,CABA,taller,"Taller mecánico en el barrio de Saaveda. Mecánica integral del automovil, todas las marcas, diagnóstico computarizado, diagnóstico pre VTV.",serper,pending,0,2026-06-15T01:34:57.838615Z
Mecánica y Automotriz - Formación Profesional - Buenos Aires Ciudad,https://buenosaires.gob.ar/gcaba_historico/educacion/agencia-de-habilidades-para-el-futuro/catalogo-de-oferta-educativa-mecanica-y-0,,CABA,taller,"Aquí encontrarás una amplia variedad de cursos, talleres, carreras y recursos diseñados para potenciar tu aprendizaje y desarrollo profesional. Compartir en ...",serper,pending,0,2026-06-15T01:34:57.838654Z
Servicio Mecánico a domicilio en Córdoba Capital Argentina,https://www.tallermecanicocordoba.com/,3516646104,Unknown,taller,TEL: 351 6646104. Además disponemos de taller para problemas mas complejos Llámenos o escribanos por whatsapp al 351 6646104 0351 15-664-6104,serper,pending,0,2026-06-15T01:35:00.266093Z
Mecánico a Domicilio en Córdoba,https://www.mecanicodecordoba.com/,,Unknown,taller,Mecánica integral a domicilio todos los días (incluye feriados). Atendemos todas las marcas y contamos con dos talleres en Córdoba Capital. electric_car ...,serper,pending,0,2026-06-15T01:35:00.266168Z
Mecánico en cordoba capital - Reddit,https://www.reddit.com/r/Cordoba/comments/1odorf4/mec%C3%A1nico_en_cordoba_capital/,,Unknown,taller,"En la O'Higgins entre Olaen y Copina, justo frente al Electrohiggins. Esta medio escondido, parece mas un garage que otra cosa pero esta al ...",serper,pending,0,2026-06-15T01:35:00.272450Z
Talleres en Córdoba - Bosch Car Service,https://am.boschcarservice.com/ar/es/buscador/talleres-cordoba/,,Unknown,taller,"Talleres en Córdoba. Encuentre su taller mecánico 16 Talleres. Hoy Abierto 08:30 - 13:30, 14:30 - 17:30 Castro Barros 1055 5000 Cordoba. Av O'Higgins 4372. ...",serper,pending,0,2026-06-15T01:35:00.272526Z
Taller mecánico en Córdoba - Terra GNC,https://terragnc.com.ar/terra-taller-mecanico-en-cordoba/,,Unknown,taller,"Realizamos diagnósticos y reparaciones integrales para vehículos nafteros, diésel y con GNC. Nuestro equipo técnico está preparado para atender todo tipo de ...",serper,pending,0,2026-06-15T01:35:00.272599Z
Tienda Online de Gomeria Altamirano,https://gomeriasaltamirano.com.ar/?srsltid=AfmBOoo8Vsqkty0OF_92zNryVBiqJYcoH1hS5QRtJ2jfgXdK7PSix-lQ,,CABA,taller,"Comprá productos de Gomeria Altamirano por internet. Tenemos auto radial michelin, camioneta radial michelin y más. Hacé tu pedido y pagalo online.",serper,pending,0,2026-06-15T01:35:02.596062Z
Gomeria y Distribuidora Silva | Insumos y Servicio para Gomerías,https://www.silvadistribuidora.com/,,CABA,taller,En Distribuidora Silva nos especializamos en la venta de insumos para gomería en toda Argentina. +54 11 5749 3191. Buenos Aires - Argentina,serper,pending,0,2026-06-15T01:35:02.596123Z
Gomería Central,https://www.gomeriacentral.com/,,CABA,taller,"Ofrecemos los mejores precios del país en neumáticos, cubiertas y accesorios para tu vehículo. Con envios gratis y 4 sucursales en Córdoba Capital.",serper,pending,0,2026-06-15T01:35:02.596169Z
"Gomeria Rs4 Neumaticos & Servicios, Castro Barros, 411, Buenos ...",https://www.mapquest.com/ar/buenos-aires/gomeria-rs4-neumaticos-servicios-776486524,,CABA,taller,Nos especializamos en ofrecer neumáticos de alta calidad y servicios especializados para tu vehículo. Nuestra misión es brindarte soluciones rápidas y ...,serper,pending,0,2026-06-15T01:35:02.596215Z
GOMERIAS - Provincia de Buenos Aires |,https://www.gba.gob.ar/content/gomerias,,CABA,taller,"DAYTONA/ NEUMASUR, 5% a 60%, TODOS LOS DÍAS ; DAYTONA/ NEUMASUR, 5% a 60%, TODOS LOS DÍAS ; DAYTONA/ NEUMASUR, 5% a 60%, TODOS LOS DÍAS ; DAYTONA/ NEUMASUR, 5% a ...",serper,pending,0,2026-06-15T01:35:02.596272Z
RIVA – Empresa constructora,https://riva.com.ar/en/,,CABA,constructora,"Somos una empresa constructora de sólida trayectoria y experiencia, con un equipo profesional plenamente comprometido con el cumplimiento y capaz de brindar ...",serper,pending,0,2026-06-15T01:35:04.702383Z
CRIBA Empresa Constructora Argentina - Nosotros Construimos,https://www.criba.com.ar/,,CABA,constructora,Brindamos servicios de construcción de alta calidad en obras de ingeniería y arquitectura. Queremos mejorar la vida de las personas con nuestras obras.,serper,pending,0,2026-06-15T01:35:04.702466Z
Las principales empresas constructoras de Buenos Aires en 2024,https://mindlindevelopers.com/blog/las-principales-empresas-constructoras-de-buenos-aires-en-2024/,,CABA,constructora,Las principales empresas constructoras de Buenos Aires en 2024 · 1. Techint · 2. 🏗️ Caputo · 3. Criba · 4. 🛣️ J. Cartellone Construcciones Civiles.,serper,pending,0,2026-06-15T01:35:04.702576Z
Constructora en CABA | Proyectos Inmobiliarios de Calidad,https://estudiokohon.com/constructora-caba/,,CABA,constructora,"En Estudio Kohon, somos una constructora con más de 40 años de experiencia en el desarrollo y ejecución de proyectos inmobiliarios en la Ciudad Autónoma de ...",serper,pending,0,2026-06-15T01:35:04.702620Z
Buscador de empresas de Construcción / obras en Buenos Aires,https://ar.computrabajo.com/empresas/empresas-de-construccion-y-obras-en-buenos-aires,,CABA,constructora,"118 Empresas de Construcción / obras en Buenos Aires ; Kat · Mar del Plata, Buenos Aires ; LIVIO BORTOLIN E HIJO S R L · 3 de Febrero, Buenos Aires ; INIZIALE S.A..",serper,pending,0,2026-06-15T01:35:04.702659Z
▷ Empresa Constructora 【1124840425】 Gablos S.A. ☑️,https://construccionesarg.com.ar/,,CABA,constructora,"Profesionales altamente cualificados para la ejecución de obras compuesto por Ingenieros, Jefes de Obra, Topógrafos, Técnicos, Encargados y Administrativos.",serper,pending,0,2026-06-15T01:35:04.702693Z
Empresas (cantidad de noticias) - Construar.com.ar,https://www.construar.com.ar/ver-empresas/,,CABA,constructora,VIAL AGRO SA (272) · EDECA SA (252) · ROVIAL SA (223) · OBRING SA (204) · MUNDO CONSTRUCCIONES SA (201) · C.N. SAPAG SOCIEDAD ANONIMA (190) · PECAM SA (189) ...,serper,pending,0,2026-06-15T01:35:04.702764Z
Marassa Construcciones: Construcción Llave en Mano - Crédito ...,https://www.marassaconstrucciones.com.ar/,,Unknown,constructora,"Ofrecemos un servicio integral de construcción llave en mano en Córdoba, desde el diseño hasta el último detalle de la casa terminada, garantizando el ...",serper,pending,0,2026-06-15T01:35:06.921066Z
SAPYC SRL – Empresa Constructora. Proyectos de ingeniera y ...,https://www.sapyc.com/,,Unknown,constructora,"La Empresa se encuentra en el centro del país, Ciudad de Córdoba, en un principio sus oficinas funcionaban en Av. Madrid 2338 de la misma ciudad, pero con el ...",serper,pending,0,2026-06-15T01:35:06.921394Z
GRIF,https://grif.com.ar/,,Unknown,constructora,"Somos una empresa constructora con base en Córdoba y más de 20 años de trayectoria en el desarrollo de obras de arquitectura, especializada en edificios ...",serper,pending,0,2026-06-15T01:35:06.921443Z
187 Empresas de Construcción / obras en Córdoba - Computrabajo,https://ar.computrabajo.com/empresas/empresas-de-construccion-y-obras-en-cordoba,,Unknown,constructora,187 Empresas de Construcción / obras en Córdoba · Devel · Ingerod · OSUNA GONZALO RODRIGO · Casa Real Viviendas · FIX ASCENSORES SOCIEDAD POR ACCIONES SIMPLIFICADA.,serper,pending,0,2026-06-15T01:35:06.921499Z
Constructora de obras en córdoba -,https://www.mancor.com.ar/,,Unknown,constructora,"En MANCOR, somos la empresa constructora líder en Córdoba, Argentina. Con más de 15 años de experiencia y 120+ proyectos exitosos, nos especializamos en ...",serper,pending,0,2026-06-15T01:35:06.921573Z
Grupo Proaco - Desarrollos Inmobiliarios en Córdoba.,https://grupoproaco.com/,,Unknown,constructora,Somos un grupo desarrollista líder en Argentina que avanza construyendo productos de excelente calidad con los más altos estándares de cumplimiento del mercado.,serper,pending,0,2026-06-15T01:35:06.921623Z
Empresa constructora de Córdoba especialista en Steel Framing,https://acedur.com/sobre-acedur/,,Unknown,constructora,"Somos Acedur, una empresa constructora de Córdoba, Argentina, especializada en Steel Framing, el sistema constructivo de construcción en seco.",serper,pending,0,2026-06-15T01:35:06.921666Z
Empresa Constructora Córdoba,https://empresaconstructoracordoba.com/,,Unknown,constructora,En JR Constructora somos especialistas en construcción industrial y comercial en Córdoba. Nuestro equipo combina experiencia técnica con planificación detallada ...,serper,pending,0,2026-06-15T01:35:06.921701Z
Empresa constructora en Capital Federal - Buenos Aires,https://burosteelframing.com/empresa-constructora-en-capital-federal-buenos-aires/,,CABA,constructora,Ventajas de construir en Buenos Aires con profesionales · Experiencia comprobada en proyectos urbanos. · Flexibilidad en métodos constructivos: sistema húmedo o ...,serper,pending,0,2026-06-15T01:35:09.500627Z
Empresa constructora y obras de arquitectura,https://cemasde.com.ar/,+5491154203615,CABA,constructora,Contactenos |; 11 4784-3796 | Whatsapp +5491154203615 | Whatsapp +549116398-5370; | info@cemasde.com.ar. Empresa constructora y obras de arquitectura.,serper,pending,0,2026-06-15T01:35:09.500668Z
Registro de Empresas - AADAIH - Asociación Argentina de ...,https://aadaih.org.ar/empresas,3484435000,CABA,constructora,"Empresas Constructoras, Av. Leandro N. Alem 986, Piso 7, Capital Federal ... Buenos Aires, Escobar, marketing@mapei.com.ar, 3484435000, https://www.mapei.com ...",serper,pending,0,2026-06-15T01:35:09.500700Z
Thesing Construcciones S.A. - Empresa Constructora en Buenos Aires,https://thesing.com.ar/,,CABA,constructora,"Somos Thesing. Diseñamos y ejecutamos proyectos de construcción enfocados en la calidad de los procesos, con know how técnico y evolución continua para los ...",serper,pending,0,2026-06-15T01:35:09.500739Z
Where to Stay in Buenos Aires: A Local's Guide - Sol Salute,https://solsalute.com/blog/where-to-stay-in-buenos-aires-argentina/,,CABA,hotel,"A complete guide to where to stay in Buenos Aires, Argentina including the best neighborhoods, the best hotels, hostels, and apartments.",serper,pending,0,2026-06-15T01:35:12.060038Z
Buenos Aires Luxury Hotel | Recoleta 5-Star Hotel | Four Seasons,https://www.fourseasons.com/buenosaires/,,CABA,hotel,"Four Seasons Hotel Buenos Aires is a luxury hotel combining modern comfort with European-style glamour, fine dining and more in the heart of Recoleta.",serper,pending,0,2026-06-15T01:35:12.061886Z
"Hotels in Buenos Aires, Argentina | Marriott Bonvoy",https://www.marriott.com/en-us/destinations/argentina/buenos-aires.mi,,CABA,hotel,"Marriott Bonvoy's collection of hotels in Buenos Aires provides a splendid entry conveniently located near premier museums, theaters,",serper,pending,0,2026-06-15T01:35:12.061972Z
Browse Buenos Aires Hotels for 2026,https://www.hotels.com/de14534/hotels-buenos-aires-argentina/,,CABA,hotel,"Some of the most popular luxury hotels in Buenos Aires are Hilton Buenos Aires, Alvear Palace Hotel, and Hotel Madero Buenos Aires, WorldHotels Elite.",serper,pending,0,2026-06-15T01:35:12.062007Z
Where to Stay in Buenos Aires - the 14 Best Luxury Hotels,https://luxurylatinamerica.com/blog/2025/09/01/where-to-stay-in-buenos-aires/,,CABA,hotel,Where to Stay in Buenos Aires – the 14 Best Luxury Hotels · Alvear Art Hotel · Alvear Palace Hotel · Casa Lucia Melia Collection · Faena Hotel and ...,serper,pending,0,2026-06-15T01:35:12.062049Z
Hilton Buenos Aires Hotel in Puerto Madero,https://www.hilton.com/en/hotels/buehihh-hilton-buenos-aires/,,CABA,hotel,"Hilton Buenos Aires, Argentina, is a landmark in the upscale harborside area of Puerto Madero. With modern rooms, upscale dining and some of the best views ...",serper,pending,0,2026-06-15T01:35:12.062083Z
Buenos Aires Luxury Hotels - Forbes Travel Guide,https://www.forbestravelguide.com/destinations/buenos-aires-argentina,,CABA,hotel,"View the best hotels, restaurants and spas in Buenos Aires, with Five-Star ratings and more from Forbes Travel Guide.",serper,pending,0,2026-06-15T01:35:12.062114Z
"Hotels in Buenos Aires, Argentina | Best Price at nh-hotels.com",https://www.nh-hotels.com/en/hotels/buenos-aires,,CABA,hotel,"NH Hotels has 9 hotels in the city, all of which offer you excellent locations close to the main tourist and business areas of Buenos Aires.",serper,pending,0,2026-06-15T01:35:12.062148Z
Best Hostels in Buenos Aires from €0.01 | 2026 - Hostelworld,https://www.hostelworld.com/hostels/south-america/argentina/buenos-aires/,,CABA,hotel,Best hostels for solo travellers in Buenos Aires ; Primavera Hostel. 9.8 ; Lead Hostel. 9.4 ; ilVero Hostel Recoleta. 9.1 ; Casa Franca Recoleta Hostel Boutique.,serper,pending,0,2026-06-15T01:35:14.463678Z
Hostales en Buenos Aires desde $ 20.235/noche - KAYAK,https://www.kayak.com.ar/Hoteles-en-Buenos-Aires_Albergue.Thostel.19264.hotel.ksp,,CABA,hotel,"El mes más barato para reservar un hostal en Buenos Aires es junio, con una tarifa promedio por noche de $ 21.680. El mes más caro es noviembre, ...",serper,pending,0,2026-06-15T01:35:14.463740Z
MILHOUSE HOSTEL Buenos Aires - Sitio Oficial,https://milhousehostel.com/,,CABA,hotel,"Ofrecemos una variedad de servicios y comodidades, incluyendo habitaciones privadas y compartidas con baño, wifi gratuito, aire acondicionado, lockers, caja de ...",serper,pending,0,2026-06-15T01:35:14.463774Z
Busca hostales en Buenos Aires - Expedia,https://www.expedia.com/es/Buenos-Aires-Hostales.d178242-aaHostales.Guia-Viajes-Alojamiento,,CABA,hotel,Nuestra selección de hostales en Buenos Aires · Casa Marina Argentina · Art Factory Soho · Play Hostel Garden · Sweet Home Palermo Soho Hostel · Viajero Hostel ...,serper,pending,0,2026-06-15T01:35:14.463810Z
Buenos Aires | Albergues | Hostales.com ®,https://www.hostales.com/Argentina/Buenos+Aires,,CABA,hotel,Hostales con desayuno gratis en Buenos Aires · Hostales con cancelación gratuita en Buenos Aires · Hostales con wifi gratis en Buenos Aires.,serper,pending,0,2026-06-15T01:35:14.463841Z
ᐉ MASTER HOSTEL ( ARGENTINA ) FOTOS DE VIAJEROS Y ...,https://master-hostel.buenosaireshotelsargentina.com/es/,,CABA,hotel,El Master Hostel Ciudad Autónoma de Ciudad Autónoma de Buenos Aires ofrece 23 habitaciones y se encuentra a 350 m del Polo Científico-Tecnológico.,serper,pending,0,2026-06-15T01:35:14.463890Z
Hostales en Buenos Aires desde $49.545/noche - KAYAK,https://www.kayak.com.co/Hoteles-en-Buenos-Aires_Albergue.Thostel.19264.hotel.ksp,,CABA,hotel,Buscas un hostal en Buenos Aires? Precios recientes: hostales en Buenos Aires desde $49.545. hostales de 2 estrellas desde $85.005 y 3 estrellas desde ...,serper,pending,0,2026-06-15T01:35:14.463938Z
The 5 best hostels in Buenos Aires (value for money) - YouTube,https://www.youtube.com/watch?v=TDG9aWPYru8,,CABA,hotel,"Descubre los mejores hostales en Buenos Aires calidad-precio este 2026, ideales para viajeros que buscan una estadía económica sin perder ...",serper,pending,0,2026-06-15T01:35:14.463972Z
Holiday Inn Cordoba - IHG Hotels & Resorts,https://www.ihg.com/holidayinn/hotels/us/en/cordoba/cbaar/hoteldetail,,Unknown,hotel,"The Holiday Inn Córdoba is located just 5 minutes from Kempes Park, an ideal place for outdoor sports. Enjoy top-class sports facilities and, upon returning to ...",serper,pending,0,2026-06-15T01:35:16.662406Z
"The 2 Best Luxury Hotels in Cordoba, Argentina",https://luxurylatinamerica.com/blog/2024/10/23/hotels-in-cordoba-argentina/,,Unknown,hotel,"Rates are $200 to $480 depending on the time of year, demand, and which room option you choose. See our full review of Azur Real Hotel Boutique ...",serper,pending,0,2026-06-15T01:35:16.662474Z
"Best places to stay in Cordoba Province, Argentina - The Hotel Guru",https://www.thehotelguru.com/best-hotels-in/argentina/cordoba-province,,Unknown,hotel,The best hotels in Cordoba Province · Mousai Hotel Boutique · Terra Firma Boutique Hotel · Sacha Mistol Art Hotel · Virreinato Hotel Boutique · Villa Art Hotel ...,serper,pending,0,2026-06-15T01:35:16.662511Z
Córdoba Luxury and 5 Star Hotels and Resorts,https://luxuryescapes.com/us/hotels/location/c%C3%B3rdoba/c%C3%B3rdoba/argentina?srsltid=AfmBOoqWNd2bSuabAD-xN0_rWT04_svplSo_l686P3BlJBfdov_IOeGc,,Unknown,hotel,"Exclusive deals on luxury hotels & resorts in Córdoba, Argentina. Enjoy 5-star accommodation at the best prices only with Luxury Escapes.",serper,pending,0,2026-06-15T01:35:16.662610Z
ᐉ THE HOTEL ⋆⋆⋆ ( ARGENTINA ) REAL PHOTOS ... - Cordoba,https://the.hotels-in-cordoba.net/en/,,Unknown,hotel,The 3-star The Hotel Cordoba is approximately a 25-minute walk from the Super Park Cordoba and features 24-hour front desk assistance and wake-up service.,serper,pending,0,2026-06-15T01:35:16.662646Z
Luxury Estancia in Argentina | Estancia El Colibrí Córdoba,https://www.estanciaelcolibri.com/en/,,Unknown,hotel,"In the heart of Argentina, just an hour from Córdoba's city center, Estancia El Colibrí Relais & Châteaux welcomes you to an exceptional setting.",serper,pending,0,2026-06-15T01:35:16.662679Z
Top 10 Hotels in Córdoba (from $27) 2026 - Competitive Prices,https://www.expedia.com/Cordoba-Hotels.d6054205.Travel-Guide-Hotels,,Unknown,hotel,"For family-friendly hotels in Cordoba, consider the Pinares Panorama Suites & Spa, Pinares del Cerro Resort & Suites, and Quórum Cordoba Hotel - Resort Urbano.",serper,pending,0,2026-06-15T01:35:16.662714Z
Hoteles en el centro en Córdoba,https://www.cordoba-hotels-ar.com/es/theme/central-hotels-8/,,Unknown,hotel,Gran Hotel Victoria Cordoba Argentina · Howard Johnson La Cañada Hotel&Suites · King David Flat Hotel - Argentina · Novum Suites · Faz Hostel Boutique · Zoom ...,serper,pending,0,2026-06-15T01:35:16.662748Z
"Hotels in Mar del Plata, Argentina | Marriott Bonvoy",https://www.marriott.com/en-us/destinations/argentina/mar-del-plata.mi,,Mar del Plata,hotel,Marriott Bonvoy's hotels in Mar Del Plata are the perfect starting point for your journey. Situated near top attractions such as the Museum of Fine Arts.,serper,pending,0,2026-06-15T01:35:18.785780Z
Browse Hotels in Mar del Plata - Experience 2026,https://www.hotels.com/de17212/hotels-mar-del-plata-and-vicinity-argentina/,,Mar del Plata,hotel,Sheraton Mar Del Plata Hotel · Hotel Spa Republica · O2 Hoteles Mar del Plata · Hotel Denver · Hotel Versailles · HOTEL KONKE · Costa Galana · Gran Hotel Continental.,serper,pending,0,2026-06-15T01:35:18.785851Z
"Hotels in Mar del Plata (Buenos Aires Province, Argentina) - Trivago",https://www.trivago.com/en-US/odr/hotels-mar-del-plata-argentina?search=200-137091,,Mar del Plata,hotel,"Compare the prices of 4034 hotels in Mar del Plata, Argentina. Find your ideal accommodation from hundreds of great deals and save with www.trivago.com.",serper,pending,0,2026-06-15T01:35:18.785889Z
"Official website - Best price - Hotel Iruña, Mar del Plata",https://www.hoteliruna.com/en/,,Mar del Plata,hotel,"Located in front of the sea, 100 meters from the beach Punta Iglesia, in the center of Mar del Plata. You will enjoy a 4-star stay in a strategic location in ...",serper,pending,0,2026-06-15T01:35:18.785941Z
"Best places to stay in Mar del Plata, Argentina | The Hotel Guru",https://www.thehotelguru.com/en-us/best-hotels-in/argentina/mar-del-plata,,Mar del Plata,hotel,"This classic hotel is located in Mar del Plata, Argentina. Interiors are dressed in luxurious, French style, with plush carpets, heavy curtains and crisp white ...",serper,pending,0,2026-06-15T01:35:18.785976Z
16 Best Hotels in Mar del Plata. Hotels from ₪59/night - KAYAK,https://www.il.kayak.com/Mar-del-Plata-Hotels.4012.hotel.ksp,,Mar del Plata,hotel,"The best deal for a 3-star hotel room in Mar del Plata found by KAYAK users in the last 3 days was ₪95, while a 4-star hotel the lowest price was ₪133.",serper,pending,0,2026-06-15T01:35:18.786020Z
"Mar del Plata | Alojamientos, Hoteles y Propiedades",https://mardelplata.com/,,Mar del Plata,hotel,"Buscá Hoteles, Cabañas y Departamentos en Mar del Plata. Portal Líder con Alojamientos, Inmobiliarias y Propiedades en Venta o Alquiler.",serper,pending,0,2026-06-15T01:35:18.786052Z
